DOI,SBET/Specific surface area/m2g-1,Average pore size/nm,Total pore volume/cm3g-1,ID,IG,ID/IG,2¦È/¡ã,d002/nm,La/nm,Lc/nm,La/Lc,first discharge/mAh g-1,first charge/mAh g-1,ICE/%,Retention rate of 100 capacity cycles/%, capacity/mAh/g,Rsei/¦¸,Re/,Rf/,Rs/¦¸,Rct /¦¸,i0/mAcm-2,DLi+/cm2s-1
https://link.oversea.cnki.net/doi/10.14078/j.cnki.1001-3741.2022.06.0010,8.9,1.836666667,5.166666667,1352,1566,0.87,26.524,3.3558,100,55.6,1.798561151,229.537331,327.77,70.03,84.17,190.2,0.67,6.54,14.9,0.67,212.6,0.67,4.86E-10
,6.2,2.866666667,6.1,1352,1566,0.92,26.506,3.36,82.6,44.8,1.84375,249.795936,350.64,71.24,96.51,255.4,1.27,5.62,9.48,1.27,212.4,1.27,4.01E-10
,2.69,11.67089557,0.198365935,661.0483278,1374.905822,0.708198264,23.21990033,0.532290823,59.96648421,19.85814645,2.027399779,519.8733732,221.6444307,95.4,53.87088232,371.1,13.72665814,11.20011874,-19.20894537,9.01E-08,143.3,0.818469909,3.68E-13
,16.0156635,13.8484133,0.241841367,661.0483278,1374.905822,1.07,23.21990033,1.373409396,52.91933317,26.34493251,2.027399779,680.9673993,888.4046525,68.96630241,66.66071959,700.2403035,9.453784867,7.837935621,-6.950307008,4.18E-07,-64.59785558,0.818469909,1.04E-06
,0.24753134,11.89308401,0.800956567,661.0483278,1374.905822,0.73,-4.175440287,0.509625021,75.47021492,20.92790923,0.825239657,283,125.3159223,78.2,75.10883271,121.0820487,3.657439252,6.078195979,-43.4985982,3.89E-07,182.5454078,0.818469909,1.04E-06
,-0.588211897,11.89308401,0.743550937,661.0483278,1374.905822,0.65,-4.175440287,-0.069325316,91.22659085,26.23458111,0.825239657,299.4,127.8806359,79.8,74.7632744,71.35789825,3.657439252,6.390741503,119.0477005,1.25E-07,10.6,0.818469909,1.04E-06
,0.033752746,11.89308401,0.73752233,661.0483278,1374.905822,0.59,-2.250446975,-0.130673103,91.22659085,26.23458111,0.825239657,311.1,124.5699078,81.2,74.7632744,71.35789825,7.190871786,2.953139699,112.3337137,1.48E-07,14.38,0.818469909,1.04E-06
,5.3,2.816666667,4.483333333,1352,1566,0.93,26.508,3.3507,67,39.4,1.700507614,230.086992,321.71,71.52,97.02,289.9,1.56,5.12,8.53,1.56,148.4,1.56,5.43E-10
https://doi.org/10.1016/j.apt.2022.103884,0.05,0.21,4.8,0.7376,1.0682,0.691,20.94239968,0.934868396,55,12.1,4.545454545,219.073877,260,84.25918347,92.56666667,590.3256838,5.860560551,25.57428571,44.58333333,11.79492467,25.94306033,0.818469909,1.04E-06
,22,2.6,5,0.0711,0.8628,0.082,10.96980464,1.616398028,467,53.7,8.696461825,209.1647957,250,83.66591827,95.36555556,541.7852051,7.711483492,25.57428571,44.58333333,1.067103477,115.6750852,0.818469909,1.04E-06
,25,2.7,5.7,0.0662,0.8059,0.082,10.96980464,1.960142978,468,49.8,9.397590361,201.9745344,243.8,82.84435373,94.98407407,811.8882815,7.711483492,25.57428571,44.58333333,8.572405739,96.96894944,0.818469909,1.04E-06
,33,3.3,7.6,0.0468,0.7477,0.063,7.969772075,1.707773037,615,54.9,11.20218579,191.9903716,233.5,82.2228572,94.3054321,811.8882815,35.44038729,25.57428571,44.58333333,15.44979585,77.53064107,0.818469909,1.04E-06
https://doi.org/10.1016/j.electacta.2022.139985,35.3,2.45,0.15,1352,1566,0.87,26.5,3.355,47.8286398,30.34817841,3.163,400.197,678.3,59,84.1,690.8482253,12.61028673,25.57428571,44.58333333,10.83401977,401.6,0.818469909,6.19E-14
https://doi.org/10.1016/j.surfin.2024.104468,22.3149,14.9787,0.0836,661.0483278,1374.905822,0.3,56.21083028,3.158415303,141.6531049,32.23251479,2.686070824,786.3431748,1119.279923,84.25918347,92.37771605,415.5091083,50.78186346,25.57428571,44.58333333,3.334858352,289.32,0.818469909,1.04E-06
,28.3372,16.3421,0.1158,661.0483278,1374.905822,0.51,41.53629222,3.01333852,133.5686602,32.42863362,2.43674536,968.1839819,1163.948146,83.66591827,93.40368056,597.6534109,35.73093795,25.57428571,44.58333333,3.786099051,195.12,0.818469909,1.04E-06
,32.3535,18.7565,0.1203,661.0483278,1374.905822,0.56,41.53629222,2.772287538,141.6531049,35.17649282,1.99633853,740.403336,939.0695846,82.84435373,93.01539063,452.8926777,35.73093795,25.57428571,44.58333333,4.31150403,250.75,0.818469909,1.04E-06
,36.5537,14.511,0.1326,661.0483278,1374.905822,0.77,38.53625965,2.945743558,111.5452329,29.86982094,2.067244034,558.562529,320.2487435,82.2228572,92.51481445,508.839927,35.73093795,25.57428571,44.58333333,6.326903008,219.53,0.818469909,1.04E-06
https://doi.org/10.1016/j.jechem.2024.02.021,62.5,20.4,0.306,661.0483278,1374.905822,0.554,39.19597946,1.571284703,66.88154898,33.37723835,2.203451373,703.8287573,826.1,85.198978,53.9,915.0103257,0.67,25.57428571,44.58333333,0.67,15,0.818469909,1.04E-06
,43.1,24.4,0.263,661.0483278,1374.905822,0.527666667,39.19597946,1.571284703,66.88154898,33.95814874,1.734141648,683.4640705,804.8,84.923468,70.9,901.283157,1.27,25.57428571,44.58333333,1.27,8.3,0.818469909,1.04E-06
,42.3,16.8,0.178,661.0483278,1374.905822,0.494972222,39.19597946,1.740375965,66.88154898,33.95814874,1.54517706,639.0993396,750.8,85.122448,82.3,272.4083962,1.56,25.57428571,44.58333333,1.56,7,0.818469909,1.04E-06
,38.7,16.1,0.156,661.0483278,1374.905822,0.458719907,39.19597946,2.614822568,35.1663819,33.95814874,1.293569414,669.3941811,791.8,84.540816,82.2,365.0379291,2.2,25.57428571,44.58333333,8.9,4.1,0.818469909,1.04E-06
,37.8,8.3,0.078,661.0483278,1374.905822,0.439363233,39.19597946,1.606769121,38.13689996,38.89450274,1.23535412,661.3974921,786.9,84.051022,94,531.6608786,2.2,25.57428571,44.58333333,4.1,3.5,0.818469909,1.04E-06
https://doi.org/10.1016/j.est.2024.110489,21.275775,9.962841176,2.378429412,661.0483278,1374.905822,1.16,20.94239968,3.507,4.1655,0.7132,5.84,315.8961093,364.10256,86.7602,12.57522,844.4246743,13.72665814,25.57428571,44.58333333,17.59508605,152.8299265,0.818469909,4.86E-10
,25.74244167,10.44085144,2.214415456,661.0483278,1374.905822,1.26,20.94239968,3.52,4.4857,0.9105,4.93,312.1112549,371.53846,84.0051,22.35238,1116.928227,12.9872174,25.57428571,44.58333333,17.59508605,154.8463383,0.818469909,4.01E-10
,28.81744167,10.88639172,1.985851659,661.0483278,1374.905822,1.11,5.618800567,3.509,5.8253,1.0466,5.96,300.5703771,364.10256,82.55102,26.13517,1116.928227,12.9872174,25.57428571,44.58333333,19.03599145,163.6655921,0.818469909,5.43E-10
,31.900775,11.36108143,1.838940972,661.0483278,1374.905822,0.99,8.618833133,3.482,6.2382,3.8798,1.5,304.4383034,366.41026,83.08673,24.14289,1062.84582,12.9872174,25.57428571,44.58333333,17.74801366,140.6715925,0.818469909,6.20E-10
,35.12160833,12.0170274,1.664761029,661.0483278,1374.905822,0.93,25.02187191,3.469,7.0728,5.639,1.25,333.3275875,372.05128,89.59184,16.01074,1062.84582,13.72665814,25.57428571,44.58333333,23.69914373,148.5752752,0.818469909,3.96E-10
,36.438275,12.57097019,1.468570502,661.0483278,1374.905822,1.25,20.94239968,3.619,3.8931,0.8561,4.55,316.1347347,370.25641,85.38265,19.15439,1116.928227,13.72665814,25.57428571,44.58333333,20.36946426,170.9175326,0.818469909,2.91E-10
,36.12792292,13.15161549,1.219662884,661.0483278,1374.905822,1.2,20.94239968,3.5,4.9966,2.005,2.49,320.384618,376.92308,85,20.67126,1062.84582,13.72665814,25.57428571,44.58333333,20.76376658,154.5586195,0.818469909,4.33E-10
,35.52312639,13.73112229,0.844348936,661.0483278,1374.905822,1.08,-4.175440287,3.468,6.3979,2.9314,2.3,287.9395695,361.53846,79.64286,19.99513,1062.84582,9.453784867,25.57428571,44.58333333,11.98073297,119.1445085,0.818469909,6.16E-10
,34.98291319,14.39471771,0.885192991,661.0483278,1374.905822,1.08,-4.175440287,3.468,6.7521,4.5482,1.41,297.3258956,368.71795,80.63776,16.76015,1062.84582,12.9872174,25.57428571,44.58333333,8.964980047,118.0672325,0.818469909,5.92E-10
,35.78173611,14.36036581,0.93234552,661.0483278,1374.905822,1.05,8.618833133,3.459,9.289,6.6161,1.4,311.7609965,373.84615,83.39286,11.18597,1062.84582,12.9872174,25.57428571,44.58333333,8.964980047,118.0672325,0.818469909,4.66E-10
https://doi.org/10.1016/j.carbon.2024.119781,28.9441,17.2951,0.1251,1350,1580,0.96,-5.977411867,3.5,89.25907413,33.96801131,1.070708241,152.6,200,76.3,42.61176724,1063.275219,9.453784867,25.57428571,44.58333333,7.520692717,225.0864463,0.818469909,1.04E-06
,14.1306,15.0144,0.053,661.0483278,1374.905822,0.95,10.71865925,2.733268394,96.56686291,30.87619607,1.397366707,110.0616,151.6,72.6,81.70593499,245.0341499,9.36,25.57428571,44.58333333,0.313918764,29.87,0.818469909,1.04E-06
,10.9683,14.8748,0.0408,661.0483278,1374.905822,0.84,10.71865925,1.53165526,96.56686291,30.87619607,1.397366707,106.12,140,75.8,79.86924836,245.0341499,9.96,25.57428571,44.58333333,2.274473741,33.48,0.818469909,1.04E-06
,13.01929864,8.456776384,-0.131724365,1350,1580,0.182,26.28,0.917232977,-0.654383641,5.753013114,-1.141633927,1013.9,462.1,45.6,86.82078136,556.2927183,46.50899019,0.424147673,131.3,7.06E-07,78.90236468,0.818469909,1.04E-06
,38.4,19.1,0.08,661.0483278,1374.905822,0.717584725,-5.977411867,1.825801591,82.84722701,28.87332519,2.27125719,485,278,57.3,68.63417376,1091.137343,9.453784867,9.946308161,140.9378315,1.99E-06,143.3,0.818469909,3.68E-13
,4.774303687,5.310093059,-0.394580874,661.0483278,1374.905822,0.32,41.70058171,0.890239605,2.573071296,5.956629529,-0.634040435,346.1,373.4,92.7,82.62721164,623.8751747,24.92376489,4.517639167,13.3,2.54E-09,-64.59785558,0.818469909,1.04E-06
,4.774303687,5.310093059,-0.394580874,661.0483278,1374.905822,0.34,39.3496102,0.890239605,2.573071296,5.956629529,-0.634040435,353.5,382.7,92.2,82.62721164,623.8751747,24.92376489,4.517639167,12.9,3.69E-07,182.5454078,0.818469909,1.04E-06
,20.96845839,8.663893199,-0.111304472,661.0483278,1374.905822,0.35,39.3496102,1.119379367,71.77143439,35.60574295,3.212523225,909.9819856,1237.681243,98.20628565,74.45361889,364.9592128,16.78207978,6.718756842,11,1.95E-07,10.6,0.818469909,1.04E-06
,7.9574,14.9479,0.0294,661.0483278,1374.905822,0.73,10.71865925,0.089070634,87.85763802,24.38941001,1.397366707,104.65,130,80.5,82.29775984,-4.621018846,5.94,25.57428571,44.58333333,0.141685106,35.23,0.818469909,1.04E-06
https://doi.org/10.1016/j.materresbull.2024.113082,24.78,22.31,0.0196,661.0483278,1374.905822,0.24,-3.626440358,3.371077819,84.49628827,31.29940669,3.18138008,625.6,456.5,73,89.1,543.9289347,23.76526964,25.57428571,44.58333333,3.067179278,172.187739,0.818469909,1.54E-12
,24.93,28.13,0.0186,661.0483278,1374.905822,0.3,-3.626440358,3.519514988,71.47811662,31.29940669,3.18138008,1230.7,976.3,79.3,70.1,951.848545,23.76526964,25.57428571,44.58333333,7.180266711,46.97708744,0.818469909,2.73E-11
,23.92,20.28,0.0154,661.0483278,1374.905822,0.51,6.816861554,1.88857796,71.47811662,30.8663335,2.917059267,1852.5,1543.5,83,64.2,883.6393202,12.9872174,25.57428571,44.58333333,4.335188835,-32.06700909,0.818469909,1.15E-11
,26.88,26.76,0.0176,661.0483278,1374.905822,0.56,19.1404281,2.336467086,40.74117581,30.28542311,2.453178834,2466,2073,84.1,55.7,829.5569123,12.9872174,25.57428571,44.58333333,6.170396559,9.114743378,0.818469909,1.72E-11
,20.77,20.72,0.0162,661.0483278,1374.905822,0.77,19.1404281,2.155590912,-26.78594968,0.982789719,2.453178834,2982.7,2552,85.6,19.2,581.6739172,13.72665814,25.57428571,44.58333333,1.769080328,73.05165125,0.818469909,3.61E-11
https://doi.org/10.1016/j.seppur.2024.129329,9.261398108,5.381393747,0.408270632,1350,1580,0.21,26.48,0.345578317,79.33361628,34.57665669,-0.049726394,381.5,159.4,41.8,96.68882044,288.4999587,48.85432969,25.57428571,44.58333333,0.248124986,324.3,0.818469909,1.04E-06
,11.06557372,7.020001614,0.527338948,1350,1580,0.352,26.44,0.419415577,79.33361628,34.57665669,-0.170160002,406,167.6,41.3,96.68882044,242.1892832,53.94471379,25.57428571,44.58333333,1.295267102,255.1,0.818469909,1.04E-06
,14.75146223,8.23142415,0.520703509,1350,1580,0.259,26.32,0.731392337,71.24917155,34.57665669,-0.170160002,506.5,213.7,42.2,86.82054223,305.3731029,53.94471379,25.57428571,44.58333333,0.509441308,182.2,0.818469909,1.04E-06
,13.01929864,8.456776384,-0.131724365,1350,1580,0.182,26.28,0.917232977,-0.654383641,5.753013114,-1.141633927,1013.9,462.1,45.6,86.82078136,556.2927183,46.50899019,25.57428571,44.58333333,0.424147673,131.3,0.818469909,1.04E-06
https://doi.org/10.1016/j.est.2023.109783,97.68381859,11.05174365,1.82,661.0483278,1374.905822,0.57,-4.175440287,1.366158297,151.1833995,33.12388711,3.943278946,746.5671422,993.5554613,77.56682101,67.9440302,1061.410378,9.453784867,25.57428571,44.58333333,16.46587046,85.95567991,0.818469909,1.04E-06
,106.4710979,16.57432417,0.33,661.0483278,1374.905822,0.71,-5.977411867,1.81319693,136.8319034,26.7780057,3.700329391,999.8438023,1072.202993,77.38594635,72.74476256,694.7576546,9.453784867,25.57428571,44.58333333,9.450187289,77.21149656,0.818469909,1.04E-06
,45.25182252,9.445552613,0.22,661.0483278,1374.905822,0.7,14.64450074,0.964369382,86.12996699,20.29121964,3.175114491,716.2239871,1069.601675,77.21621738,83.61788729,488.8182592,47.04467559,25.57428571,44.58333333,2.7,32.39,0.818469909,1.04E-06
,14.14,18.37782967,0.06,661.0483278,1374.905822,1,-5.977411867,3.348605917,83.65627398,26.7780057,2.254311858,964.3149903,990.6611752,77.06410558,57.69389325,508.5558115,9.453784867,25.57428571,44.58333333,5.350457297,170.613598,0.818469909,1.04E-06
,40.27,12.26015194,0.13,661.0483278,1374.905822,1.16,14.64450074,3.288513175,79.08281596,26.7780057,2.84338424,675.2559916,1129.86058,76.92467986,72.2545025,668.0128465,36.85689542,25.57428571,44.58333333,2.82,31.08,0.818469909,1.04E-06
,53.37,12.26015194,0.13,661.0483278,1374.905822,1.3,14.64450074,2.559198902,79.08281596,26.7780057,2.84338424,675.2559916,1129.86058,77.40913067,82.79340773,458.4972808,36.85689542,25.57428571,44.58333333,2.9,30.84,0.818469909,1.04E-06
,25.74,14.08180442,0.1,661.0483278,1374.905822,1.34,14.64450074,4.062428477,79.08281596,26.7780057,2.84338424,752.715606,1157.002845,77.22399411,55.28442102,1049.670843,47.04467559,25.57428571,44.58333333,2.8,32.23,0.818469909,1.04E-06
https://doi.org/10.1016/j.apsusc.2019.144515,80.59586445,8.7,0.239,661.0483278,1374.905822,0.720760043,32.66786029,1.791933136,79.08281596,30.15123385,2.44060892,714.6805358,1121.676921,77.04988805,93.74737823,584.6548538,47.04467559,25.57428571,44.58333333,4.8,151.5,0.818469909,1.04E-06
https://doi.org/10.1016/j.electacta.2021.138043,38.4,19.1,0.08,661.0483278,1374.905822,0.717584725,-5.977411867,1.825801591,82.84722701,28.87332519,2.27125719,485,278,57.3,68.63417376,1091.137343,9.453784867,25.57428571,44.58333333,9.946308161,140.9378315,0.818469909,1.04E-06
,80.35698444,17.9,0.257,661.0483278,1374.905822,0.713278017,-5.977411867,0.725498723,61.43556734,18.92503835,2.27125719,794,432,54.4,70.99835978,896.2516397,9.453784867,25.57428571,44.58333333,10.42367516,-37.10972205,0.818469909,1.04E-06
,127.2821271,18.3,0.475,661.0483278,1374.905822,0.708666911,-5.977411867,0.725498723,61.43556734,18.92503835,2.27125719,1033,544,52.7,71.01903049,903.6877811,9.453784867,25.57428571,44.58333333,11.0866247,-53.24636696,0.818469909,1.04E-06
,126.0884471,18.6,1.132,661.0483278,1374.905822,0.709042803,-4.175440287,0.725498723,48.41739569,18.92503835,2.27125719,1485,798,53.7,69.09075911,903.6877811,9.453784867,25.57428571,44.58333333,17.8703263,-29.22276634,0.818469909,1.04E-06
,126.0884471,20.1,2.112,661.0483278,1374.905822,0.722384139,-4.175440287,0.824497695,63.33564168,19.96424788,4.462648029,2044,1269,62.1,67.01107181,1341.060238,9.453784867,25.57428571,44.58333333,17.47602398,26.65764057,0.818469909,1.04E-06
https://doi.org/10.1016/j.jallcom.2020.153862,145.210598,3.5,0.752,661.0483278,1374.905822,0.736009333,46.67370025,0.3491,3.8,1.7,1.469134995,694.4298576,980.5008908,75.10949359,89.3110221,360.5470441,40.33919052,6.54,14.9,10.44329343,63.26,0.67,3.99E-13
,127.5086257,3.8,0.691,661.0483278,1374.905822,0.750328681,12.52063083,0.3452,8.41,2.85,2.203640566,667.8850396,1084.640948,75.20533309,93.14993282,229.1014905,34.54284491,5.62,9.48,7.240871388,33.58,1.27,1.79E-13
,160.4395356,6.4,0.504,661.0483278,1374.905822,0.747782483,10.15229801,0.3421,14.3,4.59,2.203640566,658.3745751,1014.614761,75.2801507,88.1069176,229.1014905,29.44544884,5.12,8.53,7.240871388,27.38,1.56,6.16E-14
,140.3502943,6.9,0.361,661.0483278,1374.905822,0.757309769,10.15229801,0.3409,22.36,9.56,2.203640566,651.4937644,970.4618068,75.35109694,88.1069176,323.8087742,16.88950847,4.96,7.27,3.172651481,21.44,2,2.25E-14
https://doi.org/10.1002/adfm.201706294,163.7343315,5.3,0.96,661.0483278,1374.905822,0.762571679,-4.175440287,1.190531092,124.0460456,31.71435969,4.032059642,777.9189746,999.0642416,75.18301983,86.53059674,558.6325252,17.59546998,25.57428571,44.58333333,6.962297678,12.61791286,0.818469909,1.04E-06
,163.9558937,7.2,2.03,661.0483278,1374.905822,0.766881715,-4.175440287,1.347263994,154.7206675,32.75356923,6.223450482,790.9915635,1006.459829,75.02296515,84.83561132,651.8053889,22.68585408,25.57428571,44.58333333,11.49807589,31.00626671,0.818469909,1.04E-06
,580,5.4,1.04,661.0483278,1374.905822,0.766815369,-4.175440287,1.179781031,124.0460456,31.71435969,4.032059642,786.1360702,999.0642416,74.87539178,87.1162811,651.8053889,17.59546998,25.57428571,44.58333333,12.98013416,37.79266603,0.818469909,1.04E-06
https://doi.org/10.1016/j.jallcom.2019.04.300,18.6,15.74738281,0.028,661.0483278,1374.905822,0.771343355,-5.977411867,2.001882412,83.65627398,26.7780057,2.254311858,1188.93487,1076.403773,74.73676035,71.08600722,392.7747037,9.453784867,25.57428571,44.58333333,3.683452967,69.4566344,0.818469909,1.04E-06
,134.4599095,8.622051969,1.007,661.0483278,1374.905822,0.776527966,-4.175440287,1.111243352,121.0755275,30.15123385,4.032059642,790.9915635,999.0642416,75.03368036,83.36649278,615.7929533,9.453784867,25.57428571,44.58333333,3.530250006,-20.56242596,0.818469909,1.04E-06
,125.6726302,9.538675506,1.072,661.0483278,1374.905822,0.782518513,-4.175440287,1.144178035,121.0755275,26.7780057,4.032059642,790.9915635,1006.459829,74.85961426,72.63371965,825.308519,9.453784867,25.57428571,44.58333333,17.34837212,21.87303646,0.818469909,1.04E-06
,122.0368337,9.820026042,2.871,661.0483278,1374.905822,0.789407845,-4.175440287,1.311660998,151.7501494,27.81721523,6.223450482,790.9915635,1006.459829,74.69345759,70.22469997,1059.875958,9.453784867,25.57428571,44.58333333,18.42935666,43.79259759,0.818469909,1.04E-06
https://doi.org/10.1016/j.rineng.2024.103273,148.7018699,2.12,0.3482,661.0483278,1374.905822,0.796855603,26.353,0.3378,81.42855385,25.22757363,3.297554071,751.7222828,1093.741624,74.53966709,94.74862711,190.2,6.81394111,25.57428571,44.58333333,5.751637287,512.2,0.818469909,1.04E-06
,146.577823,2.2,0.4131,661.0483278,1374.905822,0.789129127,26.471,0.3363,73.34410912,25.22757363,2.44060892,751.7222828,1093.741624,74.39470124,89.85796965,255.4,6.81394111,25.57428571,44.58333333,6.808889144,173.8,0.818469909,1.04E-06
,146.577823,2.09,0.4024,661.0483278,1374.905822,0.779110597,26.524,0.3357,73.34410912,25.22757363,2.44060892,751.7222828,1093.741624,74.19084696,89.85796965,289.9,6.81394111,25.57428571,44.58333333,6.322090091,103.2,0.818469909,1.04E-06
,146.577823,2.21,0.436,661.0483278,1374.905822,0.772070397,26.526,0.3356,73.34410912,25.22757363,2.44060892,747.8265506,1093.741624,73.98834468,89.85796965,330.3,6.81394111,25.57428571,44.58333333,6.257769849,87.18,0.818469909,1.04E-06
,151.5348071,2.01,0.4035,661.0483278,1374.905822,0.767433597,26.52,0.3357,81.42855385,25.22757363,3.297554071,751.7222828,1093.741624,73.77826726,94.74862711,271.3,6.81394111,25.57428571,44.58333333,6.414586821,692.3,0.818469909,1.04E-06
https://doi.org/10.1016/j.carbon.2020.04.003,20.60790741,13.55435816,0.33075016,83,33,3.6,-5.977411867,4.071144243,83.65627398,26.7780057,3.700329391,808.6022231,944.7289531,73.5752003,53.64043433,841.5773541,9.453784867,25.57428571,44.58333333,8.643281231,185.343623,0.818469909,1.04E-06
,20.60790741,14.10032815,0.33075016,116,40,4.86,-5.977411867,4.320622648,83.65627398,26.7780057,3.700329391,848.2282496,944.7289531,73.37754329,53.64043433,841.5773541,9.453784867,25.57428571,44.58333333,8.643281231,185.343623,0.818469909,1.04E-06
,21.69896211,8.663893199,-0.111304472,661.0483278,1374.905822,0.35,39.3496102,0.929829125,100.481463,29.11895689,3.212523225,909.9819856,1225.871778,84.85498382,83.39204163,371,5.5,3.426842618,12.1,2.42E-08,7.24,0.818469909,1.04E-06
,21.69896211,8.663893199,-0.111304472,661.0483278,1374.905822,0.33,41.70058171,1.240365144,109.1906879,35.60574295,3.212523225,909.9819856,1237.681243,97.50588949,77.98007247,340,6.3,11.68977456,12.5,2.53E-08,6.39,0.818469909,1.04E-06
,22.85922784,10.16075643,0.047963976,661.0483278,1374.905822,0.29,41.70058171,1.009246732,109.1906879,32.23251479,3.212523225,765.3153392,1237.681243,61.19331016,76.42780396,343,9.2,0.445561351,13.1,1.60E-08,76.58985674,0.818469909,1.04E-06
,21.68630571,8.663893199,-0.111304472,661.0483278,1374.905822,0.31,41.70058171,1.240365144,109.1906879,35.60574295,3.212523225,909.9819856,1237.681243,97.50588949,77.98007247,330,9.2,6.731011649,13.7,1.04E-08,233,0.818469909,5.20E-10
,19.35896278,9.448931008,-0.015726648,661.0483278,1374.905822,0.99,39.3496102,0.591166952,32.95433753,19.85814645,0.530710954,595.2828788,475.8364879,76.62610609,72.72188958,317,9.4,1.090138016,18.1,1.59E-09,76.58985674,0.818469909,1.04E-06
,20.60790741,14.10032815,0.33075016,111,35,5.16,-5.977411867,4.320622648,83.65627398,26.7780057,3.700329391,848.2282496,944.7289531,73.12504033,53.64043433,841.5773541,9.453784867,25.57428571,44.58333333,8.643281231,185.343623,0.818469909,1.04E-06
https://doi.org/10.1002/ente.201801091,41.92428279,14.95856345,0.032093936,661.0483278,1374.905822,0.890271315,-5.977411867,3.354,121.0755275,26.7780057,3.700329391,953.2688695,1138.941161,72.91975618,53.5222962,942.8964221,9.453784867,25.57428571,44.58333333,9.555358367,196.2967226,0.818469909,1.04E-06
,40.27174573,14.95856345,0.060489173,661.0483278,1374.905822,0.890552861,-5.977411867,3.361,121.0755275,26.7780057,3.700329391,848.2282496,1138.941161,72.73803423,37.91217631,963.9702461,9.453784867,25.57428571,44.58333333,9.555358367,196.2967226,0.818469909,1.04E-06
,36.0397549,18.15064931,0.183423564,661.0483278,1374.905822,0.890143873,-5.977411867,9.372,121.0755275,26.7780057,3.700329391,1030.069057,986.4603954,72.54277582,46.59573744,1171.122935,9.453784867,25.57428571,44.58333333,10.1051936,194.7412223,0.818469909,1.04E-06
,35.45139977,18.15064931,0.249817642,661.0483278,1374.905822,0.889590316,-5.977411867,9.124,121.0755275,26.7780057,3.700329391,1030.069057,986.4603954,72.22109536,46.59573744,1171.122935,9.453784867,25.57428571,44.58333333,10.1051936,194.7412223,0.818469909,1.04E-06
https://doi.org/10.1039/d2ma00820c,3.686,3.068,0.018,661.0483278,1374.905822,0.892348515,19.1404281,1.567686709,-10.79725997,5.919143716,0.797986193,412.809,472.067,87.447,97.9,461.4608278,21.86834325,25.57428571,44.58333333,2.92266936,238.8413141,0.818469909,1.04E-06
,0.24753134,11.89308401,0.800956567,661.0483278,1374.905822,0.73,-4.175440287,0.509625021,75.47021492,20.92790923,0.825239657,283,125.3159223,78.2,75.10883271,121.0820487,3.657439252,6.078195979,-43.4985982,3.89E-07,33.55772971,0.818469909,1.79E-05
,-0.588211897,11.89308401,0.743550937,661.0483278,1374.905822,0.65,-4.175440287,-0.069325316,91.22659085,26.23458111,0.825239657,299.4,127.8806359,79.8,74.7632744,71.35789825,3.657439252,6.390741503,119.0477005,1.25E-07,9.376589054,0.818469909,1.87E-05
,0.033752746,11.89308401,0.73752233,661.0483278,1374.905822,0.59,-2.250446975,-0.130673103,91.22659085,26.23458111,0.825239657,311.1,124.5699078,81.2,74.7632744,71.35789825,7.190871786,2.953139699,112.3337137,1.48E-07,13.6,0.818469909,1.04E-06
,2.069316587,11.73707252,0.577798223,661.0483278,1374.905822,0.43,-2.250446975,0.243504942,105.5780869,26.81549151,1.08956047,327.2,112.0687065,81.6,74.7632744,71.35789825,7.190871786,0.815746718,110.6898683,1.61E-07,13,0.818469909,1.04E-06
,0.5,18.54,0.0023,661.0483278,1374.905822,0.903603355,19.1404281,2.399224171,-10.54032309,1.619479317,1.007161301,342.306,392.159,87.287,54.14,498.0921439,13.72665814,25.57428571,44.58333333,0.239569219,79.76066195,0.818469909,1.04E-06
https://doi.org/10.1016/j.ssi.2024.116558,25.93295583,12.48372726,0.083017724,661.0483278,1374.905822,0.915014513,77.99488235,1.25349463,79.08281596,26.34493251,2.616472161,765.3153392,1146.582827,69.01665185,80.95929866,555.6370458,50.28,25.57428571,44.58333333,2.48,49.99,0.818469909,6.28E-11
,25.93295583,13.07461574,0.063649305,661.0483278,1374.905822,0.926848048,43.27545169,1.333029886,79.08281596,26.34493251,2.616472161,861.0713351,1237.681243,65.01612236,80.85223028,561.141671,46.7,25.57428571,44.58333333,2.48,22.41,0.818469909,1.10E-10
,26.97318651,13.07461574,0.063649305,661.0483278,1374.905822,0.927637604,43.27545169,1.333029886,79.08281596,26.34493251,2.616472161,861.0713351,1237.681243,76.54277838,80.85223028,471.5861405,6.46,25.57428571,44.58333333,5.24,11.02,0.818469909,8.16E-10
,25.93295583,13.07461574,0.063649305,661.0483278,1374.905822,0.936354793,43.27545169,1.333029886,79.08281596,26.34493251,2.616472161,861.0713351,1237.681243,76.54277838,80.85223028,471.5861405,22.13,25.57428571,44.58333333,4.37,19.65,0.818469909,4.69E-10
https://doi.org/10.1016/j.jpowsour.2022.232252,60.9,18.35168853,0.674099794,661.0483278,1374.905822,0.942276387,25.02187191,0.929924543,81.6293618,19.85814645,3.473417312,1076.044464,1103.051381,59.12004896,69.09199028,1378.289694,9.453784867,25.57428571,44.58333333,12.36398636,29.75650929,0.818469909,1.04E-06
,14.4,13.8484133,0.241841367,661.0483278,1374.905822,0.947585782,23.21990033,1.373409396,52.91933317,26.34493251,2.027399779,680.9673993,927.9577734,70.59190698,66.66071959,776.3982746,9.453784867,25.57428571,44.58333333,7.837935621,-22.85206223,0.818469909,1.04E-06
,11.8,12.6971079,0.461336607,661.0483278,1374.905822,0.950052251,23.21990033,0.851524869,44.21010828,19.85814645,2.027399779,552.8214042,488.4494409,64.90129434,66.208653,773.927767,9.453784867,25.57428571,44.58333333,8.500885154,-51.99178066,0.818469909,1.04E-06
,1.9,13.38757524,0.264202129,661.0483278,1374.905822,0.955552977,23.21990033,0.266285392,44.21010828,19.85814645,2.027399779,648.5774001,979.1785414,87.65354468,44.63915719,343.8085298,7.93031252,25.57428571,44.58333333,4.732338112,-0.351394502,0.818469909,1.04E-06
,3.6,13.38757524,0.264202129,661.0483278,1374.905822,0.961495842,23.21990033,0.266285392,44.21010828,19.85814645,2.027399779,648.5774001,979.1785414,90.2827563,44.63915719,343.8085298,7.93031252,25.57428571,44.58333333,12.01694099,-6.273808137,0.818469909,1.04E-06
https://doi.org/10.1016/j.matdes.2021.109720,15.58393492,12.35210386,0.002073932,661.0483278,1374.905822,0.967975337,14.07813949,2.405363929,41.66356243,26.7780057,0.425892782,612.3546171,603.35801,80.8,73.18902438,121.5084874,10.78197883,25.57428571,44.58333333,3.45,7.26,0.818469909,9.82E-11
,14.03227637,12.35210386,0.002073932,661.0483278,1374.905822,0.975048329,14.07813949,2.427814545,41.66356243,26.7780057,0.425892782,612.3546171,601.8806492,79.6,73.18902438,121.5084874,7.248546297,25.57428571,44.58333333,2.92,6.95,0.818469909,1.04E-06
,13.59416679,12.35210386,0.002073932,661.0483278,1374.905822,0.9824884,14.07813949,2.427814545,41.66356243,26.7780057,0.425892782,612.3546171,601.8806492,79.6,73.18902438,121.5084874,7.248546297,25.57428571,44.58333333,3.18,6.69,0.818469909,1.04E-06
,14.8680196,12.35210386,0.103018442,661.0483278,1374.905822,0.980022961,14.07813949,3.354094499,41.66356243,26.7780057,0.425892782,429.6046064,446.0365908,79,63.28013188,765.2984504,13.04489191,25.57428571,44.58333333,3.26,6.94,0.818469909,1.06E-10
,13.17197742,11.20079846,0.180725618,661.0483278,1374.905822,0.976134391,14.07813949,3.470061739,41.66356243,26.7780057,0.425892782,450.6505783,389.1130735,76.3,47.79187695,765.2984504,13.04489191,25.57428571,44.58333333,3.05,5.92,0.818469909,1.58E-10
https://doi.org/10.1016/j.mtener.2022.101225,5.74,13.38757524,0.264202129,661.0483278,1374.905822,0.974275146,23.21990033,0.266285392,44.21010828,19.85814645,2.027399779,648.5774001,979.1785414,74.4163126,61.98163228,343.8085298,3.657439252,25.57428571,44.58333333,7.886175341,-3.462089342,0.818469909,1.04E-06
,12.75,5.994965485,-0.093113267,661.0483278,1374.905822,0.974056745,43.27545169,0.700302896,35.92485559,24.79450045,0.530710954,572.8298658,572.6274055,79.85689635,87.73548449,300.6296158,4.1,25.57428571,44.58333333,2.8,13.8,0.818469909,1.04E-06
,39.07,12.30695333,0.221888554,661.0483278,1374.905822,0.974668645,43.27545169,0.920833442,70.37359106,19.85814645,2.616472161,765.3153392,996.7924372,80.83490176,75.51921449,596.2315905,5.5,25.57428571,44.58333333,8.8,6.9,0.818469909,1.04E-06
https://doi.org/10.1016/j.jallcom.2021.163202,2.56,4.604273242,0.01,520.3,6158.7,0.08,45.6264232,0.361686232,66.03272756,30.68208273,1.766505692,635.5906259,963.71907,81.97451986,98.15281851,50.79,33.23514872,25.57428571,1.72,2.45,10.8,0.818469909,1.04E-06
,10.77,14.9448859,0.0328,2822.7,6553.9,0.43,23.21990033,0.90185289,74.31798024,25.74572873,2.291720592,1006.480304,1026.39112,63.91930256,65.17974568,20.93,3.657439252,25.57428571,44.58333333,3.710182621,-43.36507942,0.818469909,1.04E-06
,13.69,11.9334046,0.0433,1079.2,7528.6,0.14,45.6264232,0.804531955,63.0622095,25.74572873,1.434775441,530.3688541,412.0826725,65.19085768,77.77529354,20.69,21.56003107,25.57428571,1.19,2.61,6.27,0.818469909,1.04E-06
,9.5,14.9448859,0.03,2415,7973.6,0.3,25.57087184,0.555634779,74.31798024,25.74572873,2.291720592,1006.480304,1026.39112,63.13344923,65.17974568,20.79,17.96892403,25.57428571,44.58333333,2.029316916,-65.54869219,0.818469909,1.04E-06
https://doi.org/10.1016/j.jallcom.2021.160923,16.59803945,9.340388567,-0.048728402,661.0483278,1374.905822,0.2375,64.21614399,1.715825193,79.85587912,32.23251479,1.8869393,692.1342788,1072.744841,79.44812903,72.13445969,178.5033731,43.83249638,25.57428571,44.58333333,1.08,300,0.818469909,6.00E-17
,19.96813123,9.59410473,-0.038783646,661.0483278,1374.905822,0.276875,64.21614399,1.605024167,79.85587912,32.23251479,1.766505692,670.4240512,1056.932598,79.7484914,77.27523114,54.27766912,43.83249638,25.57428571,44.58333333,1.15,213.5,0.818469909,1.08E-16
,21.48313224,11.55138559,-0.010674356,661.0483278,1374.905822,0.23859375,80.34585386,1.212226731,71.77143439,32.23251479,2.880792974,909.9819856,1237.681243,50.89082083,70.30931407,853.0100838,49.628842,25.57428571,44.58333333,0.92,57.67,0.818469909,3.13E-16
https://doi.org/10.1016/j.cplett.2023.140917,16.9,7.44487791,0.898225251,75.1628,476.01,0.1579,23.29337119,3.3586,85.9977232,37.16886879,3.269252921,707.5243201,1074.196462,86.13,83.59,429.3718529,41.27021213,25.57428571,44.58333333,0.945342623,237.0378776,0.818469909,1.04E-06
,12.9,12.04015781,0.095896266,95.7897,420.399,0.2279,21.49139961,3.3615,83.02720514,32.23251479,3.567131522,701.5273871,1261.245382,85.06,0.725,967.5922146,28.03814291,25.57428571,44.58333333,5.554649833,260.0759757,0.818469909,1.04E-06
,16.7,13.43376821,-0.276281534,57.6731,179.101,0.322,21.49139961,3.3649,83.02720514,32.23251479,3.567131522,946.6578953,1319.313846,87.01,0.9513,645.6960885,28.03814291,25.57428571,44.58333333,1.889480214,208.9441674,0.818469909,1.04E-06
,35.5,16.04482022,-0.321038633,58.6451,211.828,0.2769,21.49139961,3.3606,120.4464587,32.23251479,5.013149055,1128.498702,1362.015045,86.21,0.8929,1082.892093,28.03814291,25.57428571,44.58333333,9.485548649,258.4213361,0.818469909,1.04E-06
,30.1,16.04482022,-0.369057362,50.6872,362.215,0.1399,21.49139961,3.3563,120.4464587,32.23251479,5.013149055,1128.498702,1376.569689,85.42,0.7753,1082.892093,28.03814291,25.57428571,44.58333333,9.485548649,211.6292646,0.818469909,1.04E-06
,25.2,16.04482022,-0.348609048,59.0802,445.982,0.1325,9.167833062,3.3566,151.1833995,32.23251479,5.013149055,1106.828576,1317.038121,83.73,0.8924,1082.892093,27.29870218,25.57428571,44.58333333,7.144974568,204.3579442,0.818469909,1.04E-06
https://doi.org/10.1016/j.est.2024.113196,102.7864646,7.226605754,0.29,661.0483278,1374.905822,0.227697596,64.21614399,0.450217843,103.4519811,30.68208273,3.212523225,765.3153392,1070.700468,78.04949723,97.49716655,341.3064063,51.75,25.57428571,44.58333333,5.137,83.5,0.818469909,1.04E-06
,73.17213038,7.380370946,0.27,661.0483278,1374.905822,0.23905895,64.21614399,1.081554694,112.161206,37.16886879,3.212523225,769.2110714,1076.308287,84.66953216,90.90655665,628.8,170.9,25.57428571,44.58333333,3.104,156,0.818469909,1.04E-06
,97.68381859,11.05174365,1.82,661.0483278,1374.905822,0.57,-4.175440287,1.366158297,151.1833995,33.12388711,3.943278946,746.5671422,993.5554613,77.56682101,67.9440302,1061.410378,9.453784867,16.46587046,85.95567991,3.86E-07,-13.7398412,0.818469909,1.04E-06
,106.4710979,16.57432417,0.33,661.0483278,1374.905822,0.71,-5.977411867,1.81319693,136.8319034,26.7780057,3.700329391,999.8438023,1072.202993,77.38594635,72.74476256,694.7576546,9.453784867,9.450187289,77.21149656,1.07E-06,-89.93086386,0.818469909,1.04E-06
,45.25182252,9.445552613,0.22,661.0483278,1374.905822,0.7,14.64450074,0.964369382,86.12996699,20.29121964,3.175114491,716.2239871,1069.601675,77.21621738,83.61788729,488.8182592,47.04467559,2.7,32.39,9.79E-07,10.3,0.818469909,1.04E-06
,80.59586445,8.7,0.239,661.0483278,1374.905822,0.720760043,32.66786029,1.791933136,79.08281596,30.15123385,2.44060892,714.6805358,1121.676921,77.04988805,93.74737823,584.6548538,47.04467559,4.8,151.5,1.64E-08,195.2,0.818469909,2.38E-13
,55.2968764,6.497880734,0.24,661.0483278,1374.905822,0.224371177,64.21614399,0.654842109,103.4519811,30.68208273,3.212523225,764.355578,1070.700468,78.04949723,97.49716655,503.2033454,109.74,25.57428571,44.58333333,4.851,102.11,0.818469909,1.04E-06
https://doi.org/10.1016/j.seppur.2024.130798,27.48631124,0.089397875,0.411354423,661.0483278,1374.905822,0.230861267,64.21614399,3.3627,120.2456507,37.16886879,4.069468376,697.1248367,1103.165146,86.2558403,70.50988145,1312.979655,42.92196315,25.57428571,44.58333333,14.58,753.4,0.818469909,7.28E-11
,25.16408674,4.952823571,-0.389716554,661.0483278,1374.905822,0.225542903,64.21614399,3.364,120.2456507,37.16886879,4.069468376,841.7914831,1249.787867,53.0126526,45.36064448,1082.892093,73.77071875,25.57428571,44.58333333,4.82,564.5,0.818469909,1.30E-11
,21.7,9.487100127,0.0661212,661.0483278,1374.905822,0.224623126,25.57087184,3.366,120.4464587,32.23251479,4.069468376,739.183284,1226.942303,76.1586356,42.90391259,664.7077793,23.76526964,25.57428571,44.58333333,1.023782966,249.2793589,0.818469909,1.04E-06
,12.1,9.343195811,0.0661212,661.0483278,1374.905822,0.220603751,25.57087184,3.368,83.02720514,32.23251479,2.623450843,739.183284,1282.683083,78.60541296,38.21401721,630.1577631,23.76526964,25.57428571,44.58333333,2.536906691,211.7161731,0.818469909,1.04E-06
,10.4,9.343195811,0.0661212,661.0483278,1374.905822,0.219219905,25.57087184,3.368,83.02720514,32.23251479,2.623450843,739.183284,1282.683083,78.79629642,38.21401721,630.1577631,23.76526964,25.57428571,44.58333333,2.536906691,206.6549481,0.818469909,1.04E-06
https://doi.org/10.1016/j.electacta.2019.05.064,15.87621237,13.43146767,0.165822841,661.0483278,1374.905822,0.37,23.21990033,0.952374947,74.31798024,25.74572873,2.291720592,894.2036568,876.5951874,57.29997568,75.3512029,488.3418412,23.76526964,3.141489527,-89.93086386,1.45E-08,16.2,0.818469909,1.04E-06
,24.43576004,12.98821901,0.604184213,661.0483278,1374.905822,2.79,24.3,1.404738348,3.72,0.82,1.137404744,750.1081335,822.1312499,51,73.91714036,378,24.30095505,2.83,17.82,6.37E-08,8.61,0.818469909,1.04E-06
,21.07986912,7.059874163,1.429207054,661.0483278,1374.905822,1.95,24.1,1.20977763,4.61,0.85,1.469134995,733.4688807,985.2610544,55,91.4757523,472,14.54964275,2.07,12.35,3.92E-07,22.491257,0.818469909,1.04E-06
,22.63480077,8.556737389,0.533674817,661.0483278,1374.905822,1.65,25.4,1.042294667,3.05,1.37,1.469134995,734.1047593,919.9220294,52,89.65096948,169,7.248546297,3.47,11.47,3.86E-07,2.009327674,0.818469909,1.04E-06
,21.91721413,12.97340718,-0.102282312,661.0483278,1374.905822,0.223936821,41.70058171,1.274616762,109.6577248,32.23251479,1.451720772,987,997.9346405,72.82919779,76.87868003,223.571402,3.93,25.57428571,44.58333333,2.746897619,3.28,0.818469909,1.04E-06
https://doi.org/10.1016/j.fuel.2024.132488,2.2,27.66,0.02,661.0483278,1374.905822,0.223631961,26.47,0.3365,74.31798024,25.74572873,2.291720592,1197.156091,1077.998092,77.40839662,65.17974568,223.858104,17.96892403,25.57428571,44.58333333,2.060715164,-16.02732406,0.818469909,1.04E-06
,2.9,37.47,0.26,661.0483278,1374.905822,0.216065189,26.51,0.336,74.31798024,25.74572873,2.291720592,1052.489445,918.5772909,76.59715464,78.45694985,254.4276337,17.96892403,25.57428571,44.58333333,3.239156531,-20.47727613,0.818469909,1.04E-06
,19.28,4.44,0.02,661.0483278,1374.905822,0.211385588,26.49,0.3362,77.2884983,30.68208273,2.623450843,930.2924496,1277.960144,64.74044236,92.16115117,360.0139984,31.90695476,25.57428571,44.58333333,5.450354697,30.14583988,0.818469909,1.04E-06
,2.67,12.94,0.01,661.0483278,1374.905822,0.21688448,26.5,0.3361,74.31798024,25.74572873,2.291720592,1015.315284,1086.333279,72.36853144,62.07399873,223.858104,17.96892403,25.57428571,44.58333333,1.777337782,6.70664922,0.818469909,1.04E-06
https://doi.org/10.1016/j.mtsust.2023.100620,17.408,10.60862887,0.092364966,661.0483278,1374.905822,0.223375593,64.21614399,1.593395272,79.85587912,32.23251479,1.766505692,525.7574048,422.1345558,64.80136335,79.44124397,376.4159721,49.628842,25.57428571,44.58333333,0.844,267.4,0.818469909,1.04E-06
,16.096,2.328107391,0.734982845,661.0483278,1374.905822,0.223043132,66.01811557,1.377353053,74.74195246,37.16886879,1.766505692,518.3747305,393.1051047,70.05312051,95.21962306,675.381892,41.76894169,25.57428571,44.58333333,2.694,100.6,0.818469909,1.04E-06
,17.168,10.01425296,0.008948707,661.0483278,1374.905822,0.221811146,80.34585386,1.29018251,71.77143439,32.23251479,1.766505692,671.9675025,1056.932598,68.26034575,68.35399885,559.4596591,49.628842,25.57428571,44.58333333,1.119,60.47,0.818469909,1.04E-06
,25.039,7.395366546,-0.018256889,661.0483278,1374.905822,0.22161422,64.21614399,1.871717687,112.161206,37.16886879,3.212523225,908.4385344,1328.741005,99.27913888,77.65262698,634.7780484,67.13378448,25.57428571,44.58333333,1.776,107.4,0.818469909,1.04E-06
,27.394,14.66136389,-0.264869295,661.0483278,1374.905822,0.220902909,64.21614399,1.725907832,109.1906879,32.23251479,2.880792974,1004.19453,1305.895441,73.16276083,75.04810534,598.7656129,49.628842,25.57428571,44.58333333,1.237,144.3,0.818469909,1.04E-06
https://doi.org/10.1016/j.jhazmat.2022.130607,11.19,10.7941798,2.524826957,2.77,23.3,0.119,12.06,0.685353699,141.46,34.509,4.099220493,331.4956239,363.9,82,71.79757813,462.4578833,27.29870218,25.57428571,44.58333333,7.11472108,49.27948359,0.818469909,1.04E-06
,26.44,12.00742428,2.388402285,1.52,22.93,0.066,12.11,0.945286216,253.7,37.032,6.850831713,351.7543178,266.2,67.9,84.95871194,703.1200177,46.50899019,25.57428571,44.58333333,11.09612037,41.55,0.818469909,1.04E-06
,11.73,6.136934192,2.205902946,3.39,23.2,0.146,12.12,0.749139162,115.09,36.79,3.128295733,367.5054901,335.4,65.5,98.59138783,547.430596,44.46289513,25.57428571,44.58333333,1.597794022,26.63,0.818469909,1.04E-06
,19.77,6.599304971,2.192322059,6.69,26.09,0.256,12.12,0.965176334,65.58,23.156,2.832095353,379.9058741,337.5,79.8,95.98886542,728.3543691,36.99733886,25.57428571,44.58333333,9.716536939,20.9,0.818469909,1.04E-06
,12.24,8.516271447,1.676983657,25.56,30.46,0.839,12.1,0.439048894,20.04,32.248,0.621433887,273.5730937,366.2,80.1,79.53754845,105.6621191,7.190871786,25.57428571,44.58333333,1.885327253,18.44,0.818469909,1.04E-06
,7.240967298,10.70325849,2.34621874,1.62,23.74,0.068,12.09,0.194083169,246.44,22.208,11.09690202,767.4365447,1134.693609,76.11356063,74.33615883,329.8410325,17.96892403,25.57428571,44.58333333,6.386582076,15.20254686,0.818469909,1.04E-06
,14.99223229,12.6277341,1.472921749,11.03,24.07,0.458,12.1,0.69978543,36.7,30.743,1.193767687,487.0889742,308.0745702,70.68352642,70.85996499,649.8695378,9.453784867,25.57428571,44.58333333,2.238901137,4.520265037,0.818469909,1.04E-06
https://doi.org/10.1016/j.surfcoat.2022.128270,3.654608089,0.3366,1.772674616,661.0483278,1374.905822,0.15,26.46,0.675047819,10.49380439,10.45733984,-0.391090881,295,310,95.16,90.51342635,462.8594592,23.29809441,25.57428571,124.8,3.44,18.4,0.818469909,6.01E-12
,3.654608089,0.3372,1.806232317,661.0483278,1374.905822,0.18,264,0.772606676,10.49380439,10.45733984,-0.391090881,285,304,93.75,91.70972437,638.0097335,46.04181495,25.57428571,126.6,3.98,49.7,0.818469909,8.84E-12
,7.449813809,0.3374,1.482237385,661.0483278,1374.905822,0.19,26.39,0.622781111,10.49380439,10.45733984,-0.634040435,319,330,96.67,90.51342635,536.3042364,35.85403478,25.57428571,118.9,3.58,25.4,0.818469909,1.73E-11
,10.84502755,0.3376,1.477874974,661.0483278,1374.905822,0.26,26.38,1.42634081,19.20302928,32.91528629,-0.634040435,347,350,99.14,88.22840966,602.9940959,12.04203127,25.57428571,99.1,3.5,12.5,0.818469909,2.89E-11
,8.394033392,0.3376,1.477874974,661.0483278,1374.905822,0.32,26.38,0.605821178,10.49380439,10.45733984,-0.634040435,325,330,98.48,90.51342635,452.2923623,23.29809441,25.57428571,125.6,3.54,21.1,0.818469909,2.43E-11
,0.6,13.29334846,0.387869172,661.0483278,1374.905822,0.49,-5.977411867,-0.293760667,105.054921,26.17880191,2.254311858,875.1026274,860.2554386,62.88,76.56756906,180.7122088,3.657439252,5.827140197,68.28874347,1.70E-08,-2.552856632,0.818469909,1.04E-06
,3.474,11.48163644,0.725389309,661.0483278,1374.905822,0.18,-1.824468779,-0.048646108,105.054921,26.17880191,2.518632671,788.1816119,1099.749729,67.15,71.97392602,498.682577,23.76526964,4.007495332,19.26173617,4.17E-08,11.78511486,0.818469909,1.04E-06
https://doi.org/10.1016/j.micromeso.2021.111672,4.167,11.01165086,0.198314449,661.0483278,1374.905822,0.27,-3.626440358,0.351,105.054921,26.17880191,2.518632671,788.1816119,1055.534718,70.59,71.97392602,392.8097444,23.76526964,4.76954684,38.24792234,2.03E-08,-16.76753329,0.818469909,1.04E-06
,3.98,11.48163644,0.706926161,661.0483278,1374.905822,0.23,-1.824468779,-0.004676863,105.054921,26.17880191,2.518632671,788.1816119,1099.749729,66.96,71.97392602,498.682577,23.76526964,4.007495332,36.14449951,1.81E-08,23,0.818469909,1.04E-06
,3.919,11.47299052,0.35184182,661.0483278,1374.905822,0.09,9.167833062,0.353763897,105.054921,25.74572873,2.518632671,720.2744852,1074.237737,83.29,62.00391805,431.2573324,27.29870218,3.48114926,74.17555221,1.04E-08,19.5,0.818469909,1.04E-06
,4.598827672,0.3379,1.768312205,661.0483278,1374.905822,0.33,26.36,0.605821178,10.49380439,10.45733984,-0.391090881,300,306,98.04,90.51342635,489.9935609,35.85403478,25.57428571,123.1,3.57,25.3,0.818469909,2.67E-11
,16.99210241,11.61975565,0.458480802,661.0483278,1374.905822,0.238600959,25.57087184,1.194496181,83.02720514,32.23251479,2.291720592,798.447661,888.4046525,61.45866119,77.31535123,655.2493669,23.76526964,25.57428571,44.58333333,2.88526377,-60.58867418,0.818469909,1.04E-06
,21.31287791,0.8,0.825288892,661.0483278,1374.905822,0.23895268,47.42839478,1.424536431,77.91327847,37.16886879,3.212523225,783.646209,1131.920491,66.54199156,106.2728038,647.4351698,1.36,25.57428571,44.58333333,3.35,2.32,0.818469909,1.04E-06
https://doi.org/10.1016/j.electacta.2023.142821,23.44208035,0.8,0.74471912,661.0483278,1374.905822,0.238949252,66.01811557,2.274335153,120.2456507,37.16886879,3.212523225,750.9500302,1182.118284,78.64470048,104.9223512,674.2925479,16.13,25.57428571,44.58333333,1.9,215.4,0.818469909,1.04E-06
,21.51419285,0.8,0.74471912,661.0483278,1374.905822,0.239419512,66.01811557,2.274335153,82.82639718,37.16886879,3.332956833,750.9500302,1182.118284,78.72458216,104.9223512,379.0858791,19.89,25.57428571,44.58333333,2.47,296.6,0.818469909,1.04E-06
,21.75056507,2,0.74471912,661.0483278,1374.905822,0.239695585,66.01811557,2.274335153,120.2456507,37.16886879,3.332956833,750.9500302,1182.118284,78.00268908,104.9223512,379.0858791,24.16,25.57428571,44.58333333,1.98,319.1,0.818469909,1.04E-06
,22.28249267,3,0.74471912,661.0483278,1374.905822,0.240152123,66.01811557,2.274335153,120.2456507,37.16886879,3.332956833,750.9500302,1182.118284,78.64470048,100.0160759,379.0858791,28.06,25.57428571,44.58333333,1.53,335.49,0.818469909,1.04E-06
,4.269648163,9.759278915,0.983687567,661.0483278,1374.905822,0.240653058,23.29337119,-0.017854245,39.31713469,28.47773782,0.222904716,308.3,259.3,84.1,60.44042668,539.0761925,27.29870218,25.57428571,44.58333333,0.233627565,87.62245008,0.818469909,1.04E-06
,8.48781472,9.93587008,0.515624658,661.0483278,1374.905822,0.24129981,21.49139961,-0.017661512,15.55160213,3.845086712,0.957410287,409.6,351.3,85.76,51.83302606,588.8003429,28.03814291,25.57428571,44.58333333,1.726242332,62.74385446,0.818469909,1.04E-06
,8.047146472,7.989460459,0.742526349,661.0483278,1374.905822,0.242012065,23.29337119,0.434167461,21.74957513,25.38929069,0.222904716,355.6,312.4,87.85,72.5488804,479.3834368,41.27021213,25.57428571,44.58333333,1.168970582,-11.6812418,0.818469909,1.04E-06
https://doi.org/10.1016/j.electacta.2021.138092,0.98,1.067379062,1.043929048,661.0483278,1374.905822,0.242595138,61.93864334,0.303129607,7.430061087,5.319939932,0.222904716,437.7,368.4,84.17,92.1918862,350.7216542,79.61,25.57428571,44.58333333,4.37,1535,0.818469909,1.04E-06
,-0.768870003,8.102722156,0.164328476,661.0483278,1374.905822,0.17,21.49139961,0.33654,18.5221202,8.781440708,0.957410287,377.3,331,87.7,67.21296303,763.7991219,41.27021213,25.57428571,44.58333333,3.689348387,63.69608393,0.818469909,1.04E-06
,8.397380577,11.18249475,0.166253493,661.0483278,1374.905822,0.85,19.1404281,0.33557,-14.55626983,-2.042495566,0.361359223,410.3,350.5,85.43,46.07163009,442.2375573,13.72665814,25.57428571,44.58333333,1.096202582,53.98197417,0.818469909,1.04E-06
,8.397380577,10.31543625,0.166253493,661.0483278,1374.905822,0.86,19.1404281,0.33547,-14.55626983,-2.042495566,0.693089474,396.7,339.9,85.69,46.07163009,442.2375573,13.72665814,25.57428571,44.58333333,1.096202582,45.09870602,0.818469909,1.04E-06
,10.78597275,10.31543625,0.166253493,661.0483278,1374.905822,0.83,19.1404281,0.33545,-14.55626983,-2.042495566,0.693089474,390,328,84.11,54.13403113,434.474721,12.9872174,25.57428571,44.58333333,1.323951071,47.11511776,0.818469909,1.04E-06
,0.84,3.09022957,0.986135801,661.0483278,1374.905822,0.92,59.58767183,1.635490046,-6.047852891,9.380644492,-0.041416097,407.6,359.6,88.23,76.07587778,728.4132442,99.84,25.57428571,44.58333333,2.47,1139,0.818469909,1.04E-06
,23.59535235,6.814364326,0.083348926,661.0483278,1374.905822,0.85,61.86517248,1.607837036,90.13777875,31.28128651,2.948202412,763.771888,1169.42839,79.37591408,95.83841122,655.2173056,60.27674481,25.57428571,44.58333333,3.886,235.6,0.818469909,1.04E-06
https://doi.org/10.1016/j.jallcom.2024.176927,24.98697877,4.7235968,0.108890411,661.0483278,1374.905822,0.84,61.86517248,1.787409848,82.05333402,31.28128651,2.948202412,750.9500302,1225.054968,79.37591408,105.5227639,655.2173056,52.0665089,25.57428571,44.58333333,5.934,185.6,0.818469909,1.04E-06
,25.93295583,11.52998193,0.065002901,661.0483278,1374.905822,0.86,77.99488235,1.063714453,79.08281596,26.34493251,2.616472161,765.3153392,1237.681243,78.06193334,76.08013038,415.4166422,47.04467559,25.57428571,44.58333333,4.427,66.98,0.818469909,1.04E-06
,5.976461544,13.96347058,0.274942711,661.0483278,1374.905822,0.48,26.482,0.3363,18.25589124,3.845086712,1.701727932,288.4554917,296.9,84.3,61.8,424.8593714,13.72665814,25.57428571,44.58333333,0.330198351,73.8126013,0.818469909,1.04E-06
,9.893596725,12.22224228,0.060941407,661.0483278,1374.905822,0.59,26.458,0.3366,59.96648421,25.16481833,2.027399779,552.8214042,503.1365226,70.49060871,66.03968923,259.1578111,3.657439252,25.57428571,44.58333333,6.044535502,65.90943606,0.818469909,1.04E-06
,9.893596725,12.06623079,0.075848924,661.0483278,1374.905822,0.55,26.49,0.3362,74.31798024,25.16481833,2.027399779,549.7534062,474.1282294,69.2630432,68.38397263,171.95454,3.657439252,25.57428571,44.58333333,3.895506423,45.09902181,0.818469909,1.04E-06
,9.893596725,12.06623079,0.142342219,661.0483278,1374.905822,0.46,26.515,0.3359,74.31798024,25.74572873,2.027399779,549.7534062,397.8465854,69.65603855,75.33259238,97.36067203,3.657439252,25.57428571,44.58333333,3.795602371,22.0647613,0.818469909,1.04E-06
,2.139701944,7.02762471,1.192450475,661.0483278,1374.905822,0.42,26.539,0.3356,21.2264093,24.75260109,1.756873637,282.4182053,329.11,92.9,96.4,328.86,35.47386651,25.57428571,44.58333333,9.611415344,64.51677264,0.818469909,1.04E-06
,9.893596725,12.06623079,0.142342219,661.0483278,1374.905822,0.37,26.547,0.3355,74.31798024,25.74572873,2.291720592,766.0576618,941.5462115,67.59977984,75.3512029,70.54414108,17.96892403,25.57428571,44.58333333,2.653121521,-15.1539685,0.818469909,1.04E-06
https://doi.org/10.1016/j.susmat.2023.e00633,9.965341696,-2.665989718,0.815552617,661.0483278,1374.905822,0.186,47.42839478,0.597235731,66.03272756,30.68208273,1.766505692,490.9239795,461.3975543,79.95664937,100.8168942,321,8.56,25.57428571,44.58333333,8.5,20.66,0.818469909,1.04E-06
,7.144279442,10.40625111,-0.125884108,661.0483278,1374.905822,0.526,43.27545169,0.311724408,63.0622095,25.74572873,1.502184879,598.22108,469.3008133,97,66.59834774,375,12.74,25.57428571,44.58333333,3.96,6.49,0.818469909,1.04E-06
,20.48087271,-1.862758787,0.825288892,661.0483278,1374.905822,0.256,47.42839478,1.282707222,74.74195246,37.16886879,1.766505692,522.3138577,492.2270941,64.3388739,92.46457189,708.2116931,19.7,25.57428571,44.58333333,10.1,17.94,0.818469909,1.04E-06
,21.34131592,0.824373506,0.825288892,661.0483278,1374.905822,0.29,47.99475602,1.213985719,74.74195246,37.16886879,3.212523225,760.3283408,1158.119098,66.869809,89.36672406,570.8181754,34.9,25.57428571,44.58333333,9.61,39.77,0.818469909,1.04E-06
https://doi.org/10.1016/j.apsusc.2024.161262,1.229,11.47299052,0.600195974,661.0483278,1374.905822,0.11,-1.824468779,0.806153582,105.054921,26.17880191,2.518632671,748.5555853,1099.749729,75.43,71.97392602,424.058741,23.76526964,25.57428571,44.58333333,2.643249928,28.78065199,0.818469909,5.27E-14
,0.6,13.29334846,0.387869172,661.0483278,1374.905822,0.49,-5.977411867,-0.293760667,105.054921,26.17880191,2.254311858,875.1026274,860.2554386,62.88,76.56756906,180.7122088,3.657439252,25.57428571,44.58333333,5.827140197,68.28874347,0.818469909,5.57E-14
,3.474,11.48163644,0.725389309,661.0483278,1374.905822,0.18,-1.824468779,-0.048646108,105.054921,26.17880191,2.518632671,788.1816119,1099.749729,67.15,71.97392602,498.682577,23.76526964,25.57428571,44.58333333,4.007495332,19.26173617,0.818469909,4.21E-14
,4.167,11.01165086,0.198314449,661.0483278,1374.905822,0.27,-3.626440358,0.351,105.054921,26.17880191,2.518632671,788.1816119,1055.534718,70.59,71.97392602,392.8097444,23.76526964,25.57428571,44.58333333,4.76954684,38.24792234,0.818469909,1.65E-13
,3.98,11.48163644,0.706926161,661.0483278,1374.905822,0.23,-1.824468779,-0.004676863,105.054921,26.17880191,2.518632671,788.1816119,1099.749729,66.96,71.97392602,498.682577,23.76526964,25.57428571,44.58333333,4.007495332,36.14449951,0.818469909,4.59E-14
,3.919,11.47299052,0.35184182,661.0483278,1374.905822,0.09,9.167833062,0.353763897,105.054921,25.74572873,2.518632671,720.2744852,1074.237737,83.29,62.00391805,431.2573324,27.29870218,25.57428571,44.58333333,3.48114926,74.17555221,0.818469909,4.20E-14
https://doi.org/10.1016/j.ces.2023.119108,45,14.65002384,0.15,661.0483278,1374.905822,0.85,39.3496102,0.35,6.4,-5.503996342,0.215926034,643,475,63.12768906,78.4123404,336,7.598623885,25.57428571,44.58333333,7.00062853,6.8,0.818469909,1.04E-06
,97,15.64162618,0.2,661.0483278,1374.905822,1.2,39.3496102,0.36,9.1,-5.503996342,0.215926034,942,510,62.10335067,77.08353357,410,1.80227827,25.57428571,44.58333333,9.349716363,3.2,0.818469909,1.04E-06
https://doi.org/10.1016/j.jpowsour.2020.228098,118.6266066,2.25,1.53,661.0483278,1374.905822,0.84,79.79685393,-0.340092779,73.34410912,25.83370999,2.948202412,768.8610128,1137.956635,76.83518178,92.55577579,336.0076791,18.54125949,25.57428571,44.58333333,11.44,67.12,0.818469909,1.04E-06
,118.6266066,1.37,2.4,661.0483278,1374.905822,0.88,63.66714406,0.360445861,104.018731,25.83370999,5.139593252,772.756745,1137.956635,77.28296672,102.3527085,348.2758438,24.3376051,25.57428571,44.58333333,16.51,114.2,0.818469909,1.04E-06
,118.6266066,0.65,2.13,661.0483278,1374.905822,0.91,63.66714406,0.171965306,104.018731,25.83370999,5.139593252,772.756745,1137.956635,77.28296672,102.3527085,348.2758438,24.3376051,25.57428571,44.58333333,18.22,143.5,0.818469909,1.04E-06
https://doi.org/10.1016/j.jpowsour.2024.234396,7.57,11.2,0.029,661.0483278,1374.905822,0.55,23.21990033,-0.399378923,74.31798024,25.16481833,2.027399779,694.4200526,1086.333279,83.63572804,52.79392469,-25.85012391,7.190871786,25.57428571,44.58333333,0.077609491,-28.7178079,0.818469909,1.04E-06
,0.46,15.3,0.002,661.0483278,1374.905822,0.59,23.21990033,-0.177988602,59.96648421,25.16481833,2.027399779,793.2440465,1026.39112,73.42493737,65.17974568,76.42629171,3.657439252,25.57428571,44.58333333,5.967249487,27.58361465,0.818469909,1.04E-06
,25.47,9.8,0.064,661.0483278,1374.905822,0.599090909,57.93933099,1.024951078,31.37953562,30.92211271,0.547656285,321.6,554.9,66.65267833,73.58550019,420.4583836,32.19750541,3.85,44.58333333,4.457151687,89.5,0.818469909,2.60E-05
,31.5,10.2,0.078,661.0483278,1374.905822,0.637190083,57.93933099,0.03385,133.9866455,29.495,2.948202412,769.2110714,1134.773361,68.63660551,71.92202429,611.2559764,32.19750541,5.77,44.58333333,7.525547948,101.3,0.818469909,1.04E-06
https://doi.org/10.1016/j.surfin.2022.102404,17.82543343,0.980384991,0.74382389,661.0483278,1374.905822,0.670570999,45.64378451,0.201798098,51.68123153,24.79450045,1.502184879,517.5469963,447.6690399,79.69514629,102.5934427,365.1440291,14.12,25.57428571,44.58333333,8.57,43.59,0.818469909,1.04E-06
,7.911883305,0.648249021,0.709985577,661.0483278,1374.905822,0.96,45.64378451,1.720687085,44.63408049,31.28128651,1.502184879,435.2933924,547.2940279,89,80.71091444,341,9.53,25.57428571,44.58333333,10.16,32.62,0.818469909,1.04E-06
https://doi.org/10.1016/j.apsadv.2021.100168,25.98998621,20.34061308,-0.06864079,661.0483278,1374.905822,0.789713817,43.27545169,0.607819102,70.37359106,19.85814645,2.616472161,1187.578789,1287.91571,73.91244083,71.35476599,276,5.5,25.57428571,44.58333333,1.5,19.8,0.818469909,1.04E-06
,28.85356721,55,-0.188686069,1355,1583,0.784233255,43.27545169,0.574049527,73.54491708,19.85814645,2.616472161,1216.815378,1287.91571,73.76297061,71.27020714,308,10.4,25.57428571,44.58333333,1.5,3.6,0.818469909,1.04E-06
https://doi.org/10.1016/j.apsusc.2022.153698,15.77615335,11.1929176,1.036529755,661.0483278,1374.905822,0.746436279,28.94771339,1.169909207,-11.06348893,0.982789719,1.701727932,696.706128,800,89.49930147,75,412.4025797,25.45397651,25.57428571,44.58333333,17,65.92143484,0.818469909,1.04E-06
https://doi.org/10.1016/j.fuel.2021.120250,5.1,14.70312987,0.252583963,661.0483278,1374.905822,0.737930486,-5.977411867,0.212163727,74.94704908,20.29121964,2.254311858,875.1026274,800.3132796,55.8,77.97393166,327.2,3.657439252,25.57428571,44.58333333,7.620191153,-66.38232785,0.818469909,1.04E-06
,6.3,13.44071403,-0.082115465,661.0483278,1374.905822,0.725015075,6.816861554,0.04635885,74.94704908,19.85814645,2.76190535,951.8621471,1219.743607,83.7,51.38177757,369,12.9872174,25.57428571,44.58333333,3.543932999,-37.0808171,0.818469909,1.04E-06
,2.69,11.67089557,0.198365935,661.0483278,1374.905822,0.708198264,23.21990033,0.532290823,59.96648421,19.85814645,2.027399779,519.8733732,221.6444307,95.4,53.87088232,371.1,13.72665814,25.57428571,44.58333333,11.20011874,-19.20894537,0.818469909,1.04E-06
,16.0156635,13.8484133,0.241841367,661.0483278,1374.905822,1.07,23.21990033,1.373409396,52.91933317,26.34493251,2.027399779,680.9673993,888.4046525,68.96630241,66.66071959,700.2403035,9.453784867,25.57428571,44.58333333,7.837935621,-6.950307008,0.818469909,1.04E-06
,0.24753134,11.89308401,0.800956567,661.0483278,1374.905822,0.73,-4.175440287,0.509625021,75.47021492,20.92790923,0.825239657,283,125.3159223,78.2,75.10883271,121.0820487,3.657439252,25.57428571,44.58333333,6.078195979,-43.4985982,0.818469909,1.04E-06
,-0.588211897,11.89308401,0.743550937,661.0483278,1374.905822,0.65,-4.175440287,-0.069325316,91.22659085,26.23458111,0.825239657,299.4,127.8806359,79.8,74.7632744,71.35789825,3.657439252,25.57428571,44.58333333,6.390741503,119.0477005,0.818469909,1.04E-06
,0.033752746,11.89308401,0.73752233,661.0483278,1374.905822,0.59,-2.250446975,-0.130673103,91.22659085,26.23458111,0.825239657,311.1,124.5699078,81.2,74.7632744,71.35789825,7.190871786,25.57428571,44.58333333,2.953139699,112.3337137,0.818469909,1.04E-06
,2.069316587,11.73707252,0.577798223,661.0483278,1374.905822,0.43,-2.250446975,0.243504942,105.5780869,26.81549151,1.08956047,327.2,112.0687065,81.6,74.7632744,71.35789825,7.190871786,25.57428571,44.58333333,0.815746718,110.6898683,0.818469909,1.04E-06
,15.87621237,13.43146767,0.165822841,661.0483278,1374.905822,0.37,23.21990033,0.952374947,74.31798024,25.74572873,2.291720592,894.2036568,876.5951874,57.29997568,75.3512029,488.3418412,23.76526964,25.57428571,44.58333333,3.141489527,-89.93086386,0.818469909,1.04E-06
https://doi.org/10.1016/j.mtchem.2021.100439,24.43576004,12.98821901,0.604184213,661.0483278,1374.905822,2.79,24.3,1.404738348,3.72,0.82,1.137404744,750.1081335,822.1312499,51,73.91714036,378,24.30095505,25.57428571,44.58333333,2.83,17.82,0.818469909,1.04E-06
,21.07986912,7.059874163,1.429207054,661.0483278,1374.905822,1.95,24.1,1.20977763,4.61,0.85,1.469134995,733.4688807,985.2610544,55,91.4757523,472,14.54964275,25.57428571,44.58333333,2.07,12.35,0.818469909,1.04E-06
,22.63480077,8.556737389,0.533674817,661.0483278,1374.905822,1.65,25.4,1.042294667,3.05,1.37,1.469134995,734.1047593,919.9220294,52,89.65096948,169,7.248546297,25.57428571,44.58333333,3.47,11.47,0.818469909,1.04E-06
,25.8071356,17.91471024,1.131007591,661.0483278,1374.905822,0.88,24.3,3.020361747,5.97,1.14,1.137404744,879.6096641,839.9483146,70,85.6166967,211,7.248546297,25.57428571,44.58333333,3.23,6.48,0.818469909,1.04E-06
https://doi.org/10.1016/j.matlet.2018.10.020,10.56792402,4.717884211,0.68647235,661.0483278,1374.905822,4.17,30.54399038,1.010221084,44.63408049,31.71435969,1.099488106,465.3051752,456.7819762,66.5,98.7,1006.4,40.33919052,5.31,44.58333333,9.681355801,138.99,0.818469909,1.04E-06
https://doi.org/10.1016/j.jcis.2020.01.048,81.16147055,0.8,0.26,661.0483278,1374.905822,0.87,48.79757016,0.3452,73.34410912,25.22757363,2.44060892,787.4525772,1093.741624,63,89.85796965,527.3522872,24.3376051,25.57428571,44.58333333,12.09,63.1,0.818469909,1.04E-06
,144.4691578,1,0.32,661.0483278,1374.905822,0.91,48.79757016,0.3453,73.34410912,25.22757363,2.44060892,787.4525772,1093.741624,63,94.73713794,527.3522872,24.3376051,25.57428571,44.58333333,11.29,54.48,0.818469909,1.04E-06
,118.6266066,2.25,1.53,661.0483278,1374.905822,0.84,79.79685393,-0.340092779,73.34410912,25.83370999,2.948202412,768.8610128,1137.956635,76.83518178,92.55577579,336.0076791,18.54125949,11.44,67.12,5.65E-07,56.7,0.818469909,1.04E-06
,118.6266066,1.37,2.4,661.0483278,1374.905822,0.88,63.66714406,0.360445861,104.018731,25.83370999,5.139593252,772.756745,1137.956635,77.28296672,102.3527085,348.2758438,24.3376051,16.51,114.2,3.01E-07,51.8,0.818469909,1.04E-06
,118.6266066,0.65,2.13,661.0483278,1374.905822,0.91,63.66714406,0.171965306,104.018731,25.83370999,5.139593252,772.756745,1137.956635,77.28296672,102.3527085,348.2758438,24.3376051,18.22,143.5,1.03E-06,45.3,0.818469909,1.04E-06
,7.57,11.2,0.029,661.0483278,1374.905822,0.55,23.21990033,-0.399378923,74.31798024,25.16481833,2.027399779,694.4200526,1086.333279,83.63572804,52.79392469,-25.85012391,7.190871786,0.077609491,-28.7178079,4.00E-06,60.5,0.818469909,1.04E-06
,6.3,13.44071403,-0.082115465,661.0483278,1374.905822,0.725015075,6.816861554,0.04635885,74.94704908,19.85814645,2.76190535,951.8621471,1219.743607,83.7,51.38177757,369,12.9872174,3.543932999,-37.0808171,6.79E-08,195.2,0.818469909,2.38E-13
,144.4691578,1.5,0.39,661.0483278,1374.905822,0.93,14.07813949,0.3414,73.34410912,25.22757363,3.175114491,787.4525772,1098.844478,52.4,92.81894962,633,14.14982493,25.57428571,44.58333333,6.53,27.73,0.818469909,1.04E-06
https://doi.org/10.1016/j.matlet.2017.04.057,3.924351267,9.288546696,-0.134446571,661.0483278,1374.905822,0.58,26.5,1.828457113,57.41993836,35.02483255,2.147986957,614.4921242,699.6398217,808.8,67.1,950.6,51.31754886,25.57428571,44.58333333,4.7,49.5,0.000519,1.04E-06
,6.965283319,8.039562844,0.193953459,661.0483278,1374.905822,0.35,26.5,1.900571147,82.82639718,37.60194197,2.761659429,677.5826707,1289.879629,81.9,70.5,900.6,78.12166212,25.57428571,44.58333333,3.4,373,0.00069,1.04E-06
,8.258973701,5.143810121,0.550332783,661.0483278,1374.905822,0.42,26.5,1.363718908,74.74195246,37.60194197,1.904714278,457.966373,424.2672215,81.6,81.3,856.1,73.03127802,25.57428571,44.58333333,3.3,32,0.0008,1.04E-06
,7.149595387,6.900410339,0.533025485,661.0483278,1374.905822,0.23,26.5,1.574269619,74.74195246,37.16886879,1.904714278,470.8845942,421.1340301,83.2,76,810.6,67.93388195,25.57428571,44.58333333,3,22.2,0.00116,1.04E-06
https://doi.org/10.1016/j.jpowsour.2013.10.012,12.2,4,1.1,661.0483278,1374.905822,1.5,26.5,0.3342,-19.50648486,-0.567642345,0.604385981,538.1,723.8,70.76948047,94.9,250.7759069,11.79912436,25.57428571,44.58333333,10.07242816,135.6561109,0.818469909,1.04E-06
https://doi.org/10.1016/j.ensm.2024.103833,12.5,13.84315931,0.322705445,661.0483278,1374.905822,0.58,-5.977411867,1.491613892,43.3505609,34.17999707,2.254311858,366.5128695,342.3,72.5,63.86091972,740.618116,9.453784867,25.57428571,44.58333333,5.35645835,-1.914068201,0.818469909,1.04E-06
,14.6,13.43146767,0.165822841,661.0483278,1374.905822,0.35,23.21990033,0.952374947,74.31798024,25.74572873,2.291720592,894.2036568,916.1483083,58.32620677,75.3512029,488.3418412,23.76526964,25.57428571,44.58333333,3.141489527,-89.93086386,0.818469909,1.04E-06
,13.4,8.17240472,-0.304549865,661.0483278,1374.905822,0.42,28.7420188,1.391299607,18.84357508,28.21095956,1.144383426,462.4817569,427.6,80.1,78.1770934,360,114.7,25.57428571,44.58333333,2.768767378,427.8,0.818469909,1.04E-06
,8.6,3.024186052,1.604652336,661.0483278,1374.905822,0.23,39.42308106,0.367,7.266349451,9.820650244,-0.529143716,398,343,86.2,96.5,368.9,38.2,25.57428571,44.58333333,2.732209842,15.3,0.818469909,1.04E-06
https://doi.org/10.1016/j.jcis.2024.11.060,21.5,13.13353754,0.06,661.0483278,1374.905822,0.95,26.48,0.33632,32.95433753,20.29121964,1.137404744,602.3772959,429.3492474,40.8,67.80477086,452.1,32.19750541,1.44257873,50.5,1.51E-07,14.38,0.818469909,1.04E-06
,23.1,11.90962738,0.14,661.0483278,1374.905822,0.31,26.4,0.33733,100.481463,26.17880191,2.373199482,800.274435,848.0242549,46.6,93.46334517,316.2,40.71264457,2.948810545,32.5,2.33E-07,7.95,0.818469909,1.04E-06
,11.1,11.68781343,0.06,661.0483278,1374.905822,0.99,26.54,0.33559,32.95433753,20.29121964,-0.308612789,550.7788865,452.8105645,40.6,67.41680149,220.8,26.4011598,2.388507397,65.6,3.13E-06,7.52,0.818469909,1.04E-06
,16.44523258,13.43146767,0.165822841,661.0483278,1374.905822,0.33,34.2,1.165744443,83.02720514,32.23251479,2.291720592,894.2036568,888.4046525,66.83371965,73.39861351,602.2,23.76526964,25.57428571,44.58333333,3.703764143,35.4737481,0.818469909,2.96E-11
https://doi.org/10.1016/j.jfluchem.2024.110333,2,12.41582732,0.003,661.0483278,1374.905822,0.15,25.57087184,0.335,74.31798024,25.74572873,2.291720592,919.5592885,1086.333279,63.26727185,62.07399873,334.66669,17.96892403,25.57428571,44.58333333,1.777337782,-42.72244439,0.818469909,1.04E-06
,109,13.76585668,0.081,661.0483278,1374.905822,0.921,23.21990033,0.88,81.6293618,19.85814645,3.473417312,894.2036568,1097.500743,62.1308559,58.63148903,1417.695526,9.453784867,25.57428571,44.58333333,9.42435072,48.64293701,0.818469909,1.04E-06
,45,14.5831066,0.142,661.0483278,1374.905822,0.903,23.21990033,0.337,81.6293618,19.85814645,3.473417312,894.2036568,996.7924372,62.75660027,70.42079711,920.2909399,9.453784867,25.57428571,44.58333333,9.792648073,42.03376326,0.818469909,1.04E-06
,35.03363411,15.24809723,-0.283458433,661.0483278,1374.905822,0.58,23.21990033,0.82,97.38573773,25.16481833,3.473417312,1038.870303,1211.317135,71.41944073,62.53846114,1050.361044,9.453784867,25.57428571,44.58333333,9.321214802,66.18898251,0.818469909,1.04E-06
,107,14.54322446,0.125,661.0483278,1374.905822,0.35,23.21990033,0.88,111.7372338,25.74572873,3.737738125,894.2036568,1084.913123,72.64979934,71.22202227,780,23.76526964,25.57428571,44.58333333,10.86150977,26.58873857,0.818469909,1.04E-06
,117,13.54111294,0.147,661.0483278,1374.905822,0.42,23.21990033,0.88,111.7372338,25.74572873,3.737738125,894.2036568,996.7924372,71.57524826,68.11627532,1560,23.76526964,25.57428571,44.58333333,10.86150977,27.37058642,0.818469909,1.04E-06
,116,13.47074177,0.092,661.0483278,1374.905822,0.23,25.57087184,0.88,111.7372338,25.74572873,3.737738125,894.2036568,1097.500743,70.24887903,59.43271419,4680,23.76526964,25.57428571,44.58333333,10.24123328,27.74431312,0.818469909,1.04E-06
https://doi.org/10.1016/j.jcis.2024.07.101,6.4,12.73540636,0.217013224,661.0483278,1374.905822,0.2,-3.626440358,0.335,105.054921,26.17880191,2.518632671,788.1816119,1055.534718,56.3,71.97392602,247,17.96892403,25.57428571,44.58333333,3.08230646,12.95903137,0.818469909,5.40E-12
,20.1,9.792381567,0.165475128,661.0483278,1374.905822,0.1,-3.626440358,0.339,105.054921,26.17880191,2.850362922,811.7366307,987.7789172,68.8,76.6638214,408,23.76526964,25.57428571,44.58333333,4.890674822,-38.00103266,0.818469909,1.33E-11
,23.4,8.180139029,0.911467928,661.0483278,1374.905822,0.15,-1.824468779,0.338,145.4446926,31.11515591,4.942182533,817.6926286,999.0673943,68.1,80,434,36.99733886,25.57428571,44.58333333,2.954559394,-13.63390732,0.818469909,1.27E-11
https://doi.org/10.1016/j.jcis.2024.09.146,28.08,14.30839632,0.1406,661.0483278,1374.905822,0.921,10.71865925,4.56109077,109.8197568,26.7780057,3.489186318,770.7620354,963.4904385,75.63,86.89,357.8,32.19750541,25.57428571,44.58333333,3.030569348,48.67,0.818469909,1.04E-06
,14.9,10.79691258,-0.055090067,661.0483278,1374.905822,0.903,28.7420188,2.967498313,41.66356243,26.7780057,0.337189289,581.7711168,650.527426,80.28,61.09,209.1,29.93459233,25.57428571,44.58333333,0.643426112,92.31,0.818469909,1.04E-06
https://doi.org/10.1039/d4ra00832d,0.991,4.363994111,0.393739524,661.0483278,1374.905822,0.772,39.3496102,1.948532691,44.63408049,31.28128651,2.147986957,452.295754,581.1030366,89.9,92.1,642.1471285,21.86834325,25.57428571,44.58333333,7.761679106,18.22,0.818469909,1.04E-06
,29.946,13.63239224,0.699176826,661.0483278,1374.905822,2.884,11.95426959,1.442543189,109.8197568,26.7780057,2.948280959,874.3603048,1038.867211,39.3,96.64,582.9212031,1.80227827,25.57428571,44.58333333,9.020600573,13.51,0.818469909,1.04E-06
,18.579,4.08625306,0.34498661,661.0483278,1374.905822,2.236,10.15229801,0.351,66.6617964,25.22757363,1.833993677,578.4905319,306.4686797,63.5,98.4,261.8557803,0.543061226,25.57428571,44.58333333,7.06338636,12.03,0.818469909,1.04E-06
https://doi.org/10.1039/d4ra01560f,0.81442164,9.703172064,0.310094017,661.0483278,1374.905822,0.226,21.49139961,0.376550746,74.31798024,25.74572873,3.357956414,741.9446111,1139.884213,87.47,51.89657435,301,22.2417973,25.57428571,44.58333333,1.791478669,-44.78926609,0.818469909,1.04E-06
,20.78406447,4.586881692,-0.815485689,661.0483278,1374.905822,0.301,56.21083028,0.387,66.03272756,30.68208273,3.212523225,852.7357065,1277.960144,88,82.01237734,338,53.12720295,25.57428571,44.58333333,1.902016955,93.66,0.818469909,6.59E-13
,3.219602685,11.51488409,0.312930357,661.0483278,1374.905822,0.442,19.1404281,0.323048641,74.31798024,25.74572873,3.026226163,733.1096308,1154.928263,88.16,51.89657435,330,7.93031252,25.57428571,44.58333333,-1.300405168,-30.72087373,0.818469909,1.04E-06
https://doi.org/10.1016/j.wasman.2024.02.023,20.49267096,6.745397248,0.041,661.0483278,1374.905822,0.444,26.465,3.365,82.82639718,37.60194197,2.115857351,510.0214799,389.8808063,75.32,60.56279791,591.3812084,48.54942643,25.57428571,44.58333333,1.92,788.1,0.818469909,1.04E-06
,20.72683749,6.745397248,0.0496,661.0483278,1374.905822,0.431,26.471,3.364,82.82639718,37.60194197,3.561874884,660.8553423,1249.787867,78.27,55.9877654,348.08,48.54942643,25.57428571,44.58333333,2.2,955.9,0.818469909,1.04E-06
,22.04541232,7.966729808,0.0571,661.0483278,1374.905822,0.3451,26.479,3.663,120.2456507,37.60194197,3.561874884,660.8553423,1249.787867,79.1,55.9877654,391.58,74.58822959,25.57428571,44.58333333,2.48,780.1,0.818469909,1.04E-06
https://doi.org/10.1016/j.jallcom.2021.162893,2,2.178,0.953118982,661.0483278,1374.905822,0.95,63.66714406,1.422038172,44.63408049,31.28128651,2.147986957,519.1627686,648.7240802,46.4898865,67.6,1113.265048,28.61047837,25.57428571,44.58333333,5.81,82.1,0.818469909,6.16E-14
,14,17.072,0.510096815,661.0483278,1374.905822,0.31,45.6264232,2.415721348,71.77143439,32.23251479,2.080577519,800.719008,953.3217431,89.28585524,75.9,605.3658484,52.32140166,25.57428571,44.58333333,5.18,29.21,0.818469909,2.00E-13
,19,18.928,0.515275365,661.0483278,1374.905822,0.99,43.84181293,1.999204485,41.66356243,26.34493251,0.844782781,718.065986,995.3461677,89.97994544,72.8,431.6631127,51.31754886,25.57428571,44.58333333,3.5,49.32,0.818469909,4.84E-13
https://doi.org/10.1016/j.cej.2024.148805,4.774303687,5.310093059,-0.394580874,661.0483278,1374.905822,0.32,41.70058171,0.890239605,2.573071296,5.956629529,-0.634040435,346.1,373.4,92.7,82.62721164,623.8751747,24.92376489,25.57428571,3.6,4.517639167,13.3,0.818469909,1.04E-06
,4.774303687,5.310093059,-0.394580874,661.0483278,1374.905822,0.34,39.3496102,0.890239605,2.573071296,5.956629529,-0.634040435,353.5,382.7,92.2,82.62721164,623.8751747,24.92376489,25.57428571,3.1,4.517639167,12.9,0.818469909,1.04E-06
,20.96845839,8.663893199,-0.111304472,661.0483278,1374.905822,0.35,39.3496102,1.119379367,71.77143439,35.60574295,3.212523225,909.9819856,1237.681243,98.20628565,74.45361889,364.9592128,16.78207978,25.57428571,1.7,6.718756842,11,0.818469909,1.04E-06
https://doi.org/10.1016/j.jallcom.2023.170876,21.5,13.13353754,0.06,661.0483278,1374.905822,0.95,26.48,0.33632,32.95433753,20.29121964,1.137404744,602.3772959,429.3492474,40.8,67.80477086,452.1,32.19750541,25.57428571,44.58333333,1.44257873,50.5,0.818469909,1.04E-06
,23.1,11.90962738,0.14,661.0483278,1374.905822,0.31,26.4,0.33733,100.481463,26.17880191,2.373199482,800.274435,848.0242549,46.6,93.46334517,316.2,40.71264457,25.57428571,44.58333333,2.948810545,32.5,0.818469909,1.04E-06
,11.1,11.68781343,0.06,661.0483278,1374.905822,0.99,26.54,0.33559,32.95433753,20.29121964,-0.308612789,550.7788865,452.8105645,40.6,67.41680149,220.8,26.4011598,25.57428571,44.58333333,2.388507397,65.6,0.818469909,1.04E-06
https://doi.org/10.1016/j.diamond.2023.109911,21.69896211,8.663893199,-0.111304472,661.0483278,1374.905822,0.35,39.3496102,0.929829125,100.481463,29.11895689,3.212523225,909.9819856,1225.871778,84.85498382,83.39204163,371,5.5,25.57428571,44.58333333,3.426842618,12.1,0.818469909,9.40E-11
,21.69896211,8.663893199,-0.111304472,661.0483278,1374.905822,0.33,41.70058171,1.240365144,109.1906879,35.60574295,3.212523225,909.9819856,1237.681243,97.50588949,77.98007247,340,6.3,25.57428571,44.58333333,11.68977456,12.5,0.818469909,1.10E-10
,22.85922784,10.16075643,0.047963976,661.0483278,1374.905822,0.29,41.70058171,1.009246732,109.1906879,32.23251479,3.212523225,765.3153392,1237.681243,61.19331016,76.42780396,343,9.2,25.57428571,44.58333333,0.445561351,13.1,0.818469909,6.80E-11
,21.68630571,8.663893199,-0.111304472,661.0483278,1374.905822,0.31,41.70058171,1.240365144,109.1906879,35.60574295,3.212523225,909.9819856,1237.681243,97.50588949,77.98007247,330,9.2,25.57428571,44.58333333,6.731011649,13.7,0.818469909,6.10E-11
,19.35896278,9.448931008,-0.015726648,661.0483278,1374.905822,0.99,39.3496102,0.591166952,32.95433753,19.85814645,0.530710954,595.2828788,475.8364879,76.62610609,72.72188958,317,9.4,25.57428571,44.58333333,1.090138016,18.1,0.818469909,4.90E-11
https://doi.org/10.1016/j.est.2023.108452,10.33,7.96,0.778005354,661.0483278,1374.905822,0.95,46.67370025,2.670411268,-35.07120236,6.352216898,-0.760152662,1342.8,980.2,73,95.4,695.1376002,45.42957463,25.57428571,44.58333333,10.15159003,61,0.818469909,5.45E-12
,30.42,19.52,0.417802241,661.0483278,1374.905822,0.31,31.09299031,2.464605227,29.48540507,31.29940669,0.618455433,1468.7,986.5,67.17,72.8,792.8454415,46.50899019,25.57428571,44.58333333,6.278620194,81.5,0.818469909,5.30E-12
,23.93,14.14,-0.101476652,661.0483278,1374.905822,0.99,28.7420188,1.924639143,-0.622466895,1.415862902,0.35413462,1570.3,1066.4,67.91,51.8,812.1706641,32.19750541,25.57428571,44.58333333,6.054685013,100.5,0.818469909,5.10E-12
https://doi.org/10.1016/j.mtener.2022.101225,5.74,13.31870408,0.165822841,661.0483278,1374.905822,0.35,23.21990033,0.156115192,74.31798024,25.74572873,2.291720592,861.8136576,926.9124782,61.45968889,75.3512029,180.2566981,17.96892403,25.57428571,44.58333333,3.207758282,-45.61733305,0.818469909,1.04E-06
,12.75,12.62823674,0.356165681,661.0483278,1374.905822,0.33,25.57087184,1.097352799,83.02720514,32.23251479,2.291720592,780.8501413,983.6985534,70.53929044,68.03181281,944.0768007,23.76526964,25.57428571,44.58333333,7.488767438,11.89726592,0.818469909,1.04E-06
,39.07,17.9347429,0.287710695,661.0483278,1374.905822,0.29,25.57087184,1.94786949,120.4464587,32.23251479,3.737738125,1070.60528,1138.860033,70.36823171,71.71549022,1236.73064,23.76526964,25.57428571,44.58333333,10.75200447,78.90236468,0.818469909,1.04E-06
,3.748841464,11.0587919,0.517420597,661.0483278,1374.905822,0.354554342,23.21990033,-0.168050646,74.31798024,25.74572873,2.291720592,766.0576618,987.873692,91.78572268,53.41508477,359.0570904,28.03814291,25.57428571,44.58333333,9.494280644,-13.7398412,0.818469909,1.04E-06
,15.87621237,13.43146767,0.165822841,661.0483278,1374.905822,0.37,23.21990033,0.952374947,74.31798024,25.74572873,2.291720592,894.2036568,876.5951874,57.29997568,75.3512029,488.3418412,23.76526964,25.57428571,44.58333333,3.141489527,-89.93086386,0.818469909,1.04E-06
,1.71,-2.924046763,0.68819301,661.0483278,1374.905822,0.56798066,45.07742327,0.565354954,66.03272756,30.10117233,1.502184879,437.6645778,405.8487679,89.6,91.80218064,232.4845341,3.5,25.57428571,44.58333333,36,10.3,0.818469909,1.04E-06
,2.3,2.911443681,1.375038564,661.0483278,1374.905822,0.76,40.99795104,0.429983881,35.92485559,24.79450045,1.176513032,364.422524,406.1458093,86.3,94.3,304.8983789,5.5,25.57428571,44.58333333,8.8,6.9,0.818469909,1.04E-06
https://doi.org/10.1016/j.powtec.2022.117455,4.15,1.5,0.908706756,661.0483278,1374.905822,0.806885787,79.79685393,0.833958585,35.92485559,24.79450045,1.176513032,417.6999194,522.423351,54.1719979,49.81,1400,4.283,25.57428571,44.58333333,9.265,62.83,0.818469909,6.25E-15
,6.93,2.5,1.528613867,661.0483278,1374.905822,1.05,45.07742327,1.511595425,44.63408049,32.32049605,2.147986957,504.8706111,634.5894392,51.6952588,71.34,1300,6.426,25.57428571,44.58333333,114,15.27,0.818469909,2.40E-14
,9.9,2,1.623926205,661.0483278,1374.905822,0.525073729,25.02187191,1.150688822,85.9977232,38.20807832,3.004932108,745.6718969,1237.684589,61.4981998,84.25,500,5.860560551,25.57428571,44.58333333,16.84888316,89.10129264,0.818469909,1.04E-06
https://doi.org/10.1016/j.jallcom.2021.161593,9.107,2.68818581,0.246940784,661.0483278,1374.905822,0.346,32.66786029,0.336,66.03272756,31.11515591,1.2589122,514.6061303,316.1394937,50,98.78375496,252.314979,24.24527769,25.57428571,44.58333333,1.928,195.2,0.818469909,2.38E-13
,2.438,5.653417435,-1.198054383,661.0483278,1374.905822,0.153,35.01883179,0.368,-0.654383641,5.753013114,-1.141633927,580.3,463.3,80,91.34372735,365.3,57.77052711,25.57428571,44.58333333,1.777,143.3,0.818469909,3.68E-13
https://doi.org/10.1016/j.carbon.2021.01.015,9.3,3.383,0.057,661.0483278,1374.905822,0.12,25.57087184,0.681498584,77.2884983,30.68208273,2.623450843,762.0707843,1333.700924,74.43235303,87.47125579,203.5449599,26.11060914,25.57428571,44.58333333,3.544196028,-64.59785558,0.818469909,1.04E-06
,3,3.056,0.008,661.0483278,1374.905822,0.107,25.57087184,0.3422,13.45285489,9.33,1.651976918,720.4967467,1143.393888,77.72840301,85.43004064,137.95939,26.11060914,25.57428571,44.58333333,2.037077986,182.5454078,0.818469909,1.04E-06
,32,3.826,0.177,661.0483278,1374.905822,0.093,41.70058171,0.3376,96.06147464,20.96,3.212523225,752.4934814,1108.296268,65.83230975,103.7328455,549.1254766,8.04,3.96,44.58333333,2.149885836,10.6,0.818469909,1.04E-06
https://doi.org/10.1016/j.resconrec.2023.107267,-3.893194834,2.283141937,1.827747076,661.0483278,1374.905822,0.12,31.025356,0.336097,20.06,29.41,0.682080925,464.2898706,413.871084,83.16,97.05080103,325,5.506244922,25.57428571,44.58333333,4.113,14.38,0.818469909,1.04E-06
,-0.583026949,8.273382291,0.731191671,661.0483278,1374.905822,0.107,43.34892255,0.335981,23.73,31.51,0.753094256,460.744197,351.7677033,85.2,80.46664454,326,25.83290434,25.57428571,44.58333333,3.565,7.95,0.818469909,1.04E-06
,-0.583026949,8.273382291,0.731191671,661.0483278,1374.905822,0.093,43.34892255,0.335859,24.89,32.81,0.75861018,460.744197,351.7677033,85.26,77.41666075,330,25.83290434,25.57428571,44.58333333,3.259,7.52,0.818469909,1.04E-06
,-0.583026949,8.273382291,0.731191671,661.0483278,1374.905822,0.07,43.34892255,0.335783,26.26,34.35,0.764483261,415.5407479,334.7934853,87.08,77.41666075,340,25.83290434,25.57428571,44.58333333,3.211,7.24,0.818469909,1.04E-06
,-0.772853247,8.273382291,0.731191671,661.0483278,1374.905822,0.056,47.42839478,0.335671,28.21,36.54,0.772030651,404.8053454,313.8561127,88.8,77.41666075,346.8,25.83290434,25.57428571,44.58333333,3.177,6.39,0.818469909,1.04E-06
https://doi.org/10.1016/j.susmat.2022.e00476,32.7,19.48053114,0.102,661.0483278,1374.905822,1.039073594,-5.977411867,2.680153149,121.0755275,26.7780057,3.700329391,1048.365438,1087.168702,65,63.95413304,1211.795964,9.453784867,25.57428571,44.58333333,11.70103682,76.58985674,0.818469909,1.04E-06
,29.6,9.710534251,0.105,661.0483278,1374.905822,0.7,32.66786029,1.735349531,102.9236366,26.7780057,2.44060892,798.7309837,1202.209404,69.5,71.92202429,942.5492894,43.92482379,25.57428571,44.58333333,27.3,233,0.818469909,5.20E-10
,32.4,19.48053114,0.092,661.0483278,1374.905822,1.039073594,-5.977411867,2.680153149,121.0755275,26.7780057,3.700329391,1048.365438,1101.723345,66.7,63.95413304,1378.289694,9.453784867,25.57428571,44.58333333,11.70103682,76.58985674,0.818469909,1.04E-06
,14.14,18.37782967,0.06,661.0483278,1374.905822,1,-5.977411867,3.348605917,83.65627398,26.7780057,2.254311858,964.3149903,990.6611752,77.06410558,57.69389325,508.5558115,9.453784867,5.350457297,170.613598,1.30E-06,6.9,0.818469909,1.04E-06
,40.27,12.26015194,0.13,661.0483278,1374.905822,1.16,14.64450074,3.288513175,79.08281596,26.7780057,2.84338424,675.2559916,1129.86058,76.92467986,72.2545025,668.0128465,36.85689542,2.82,31.08,1.27E-06,62.83,0.818469909,6.25E-15
,53.37,12.26015194,0.13,661.0483278,1374.905822,1.3,14.64450074,2.559198902,79.08281596,26.7780057,2.84338424,675.2559916,1129.86058,77.40913067,82.79340773,458.4972808,36.85689542,2.9,30.84,1.27E-06,15.27,0.818469909,2.40E-14
,25.74,14.08180442,0.1,661.0483278,1374.905822,1.34,14.64450074,4.062428477,79.08281596,26.7780057,2.84338424,752.715606,1157.002845,77.22399411,55.28442102,1049.670843,47.04467559,2.8,32.23,6.49E-07,89.10129264,0.818469909,1.04E-06
https://doi.org/10.1016/j.ssi.2021.115839,12.5,6.14345107,-0.024090608,1352,1574,1.036488971,44.87172867,3.170187862,44.63408049,31.71435969,0.994591387,565.838431,632.0902586,71.2,87.40366083,823.3,40.33919052,25.57428571,44.58333333,10.74226647,50,0.818469909,3.30E-09
https://doi.org/10.1016/j.micromeso.2020.110325,9.76,15.7,0.033,661.0483278,1374.905822,0.689616008,-5.977411867,0.856206648,27.24376875,19.56172795,-0.146234269,293.19,370.42,79.15,69.55788175,520.9178571,9.453784867,153.09,44.58333333,0.541563583,-16.70841868,0.818469909,1.36E-05
,4.35,16.7,0.025,661.0483278,1374.905822,0.295439025,-3.626440358,1.278492081,50.30448968,31.93609628,1.08956047,285.33,396.88,71.89,69.21232345,593.8873985,23.76526964,77.57,44.58333333,1.461593608,33.55772971,0.818469909,1.79E-05
,11.14,16.6,0.041,661.0483278,1374.905822,0.548860313,-5.977411867,0.487845143,41.59526478,24.86839983,-0.146234269,288.15,415.75,69.31,69.55788175,209.1075279,3.657439252,68.97,44.58333333,2.962452,9.376589054,0.818469909,1.87E-05
https://doi.org/10.1016/j.electacta.2020.136858,2.81,6.220067886,0.704729671,661.0483278,1374.905822,0.18,43.34892255,0.215293467,10.49380439,9.418130306,-0.634040435,293.7,339.7,86.4,85.36392563,393.1551928,6.19,25.57428571,44.58333333,1.26,13.6,0.818469909,1.04E-06
,3.05,0.417872656,1.768312205,661.0483278,1374.905822,0.26,43.34892255,0.382271291,10.49380439,10.45733984,-0.391090881,292.4,339.6,86.1,94.30176069,393.1551928,5.52,25.57428571,44.58333333,2.73,13,0.818469909,1.04E-06
,5.56,1.414113661,1.837189826,661.0483278,1374.905822,0.18,31.025356,0.160807391,10.49380439,10.45733984,1.049756913,265.4,318.7,83.2,97.39635934,406.8823615,6.5,25.57428571,44.58333333,2.27,16.2,0.818469909,1.04E-06
,13,2.5,1.921104273,1335,1580,0.26,14.30524109,0.648821994,15.4,6.79222265,1.784262484,1308,1910,68.5,100.4857596,495,-7.078012179,25.57428571,44.58333333,6.032219917,8.61,0.818469909,1.04E-06
https://doi.org/10.1016/j.jallcom.2019.04.022,9.91,10.09504944,2.153514596,661.0483278,1374.905822,0.41,-4.175440287,0.3377,14.7,13.8,1.065217391,279.8,201.4,72,71.20552329,486.6736532,23.76526964,25.57428571,44.58333333,5.229520414,22.491257,0.818469909,1.04E-06
,8.5,8.845343367,2.124611975,661.0483278,1374.905822,0.26,-1.824468779,0.3373,17.3,16.9,1.023668639,312.3,217.8,69.7,73.61454297,383.9302893,23.76526964,25.57428571,44.58333333,4.31576818,2.009327674,0.818469909,1.04E-06
,7.25,9.891391163,1.91159673,661.0483278,1374.905822,0.17,-1.824468779,0.3366,24.7,23.2,1.064655172,341.3,252.9,74.1,71.20552329,588.8003429,23.76526964,25.57428571,44.58333333,4.977541281,-2.552856632,0.818469909,1.04E-06
,9.5,9.746893815,1.696858868,661.0483278,1374.905822,0.13,-1.824468779,0.3362,25.4,25.4,1,447.5,325,72.6,71.09915999,588.8003429,23.76526964,25.57428571,44.58333333,5.301668895,11.78511486,0.818469909,1.04E-06
,7.14,7.298988588,1.919023824,661.0483278,1374.905822,0.11,23.29337119,0.336,33,27.5,1.2,370.9,324.6,87.5,76.97766289,410.7167836,41.27021213,25.57428571,44.58333333,4.520452785,-16.76753329,0.818469909,1.04E-06
https://doi.org/10.1016/j.fuproc.2017.12.018,16.5052604,4.926956197,-0.112283403,661.0483278,1374.905822,0.13,41.70058171,3.357,72.03766335,37.16886879,0.983235568,364,428.2738025,89.4,42,886.2395325,48.7357684,25.57428571,44.58333333,7.670572124,23,0.818469909,1.04E-06
,16.5052604,4.926956197,-0.530642358,661.0483278,1374.905822,0.12,41.70058171,3.356,72.03766335,37.16886879,0.983235568,377,428.2738025,89.6,49,886.2395325,36.17982802,25.57428571,44.58333333,7.862739901,19.5,0.818469909,1.04E-06
,16.5052604,4.926956197,-0.530642358,661.0483278,1374.905822,0.13,41.70058171,3.356,72.03766335,37.16886879,0.983235568,387,428.2738025,89.9,51,886.2395325,36.17982802,25.57428571,44.58333333,7.862739901,18,0.818469909,1.04E-06
,16.5052604,4.926956197,-0.727152558,661.0483278,1374.905822,0.12,41.70058171,3.356,72.03766335,37.16886879,0.983235568,382,428.2738025,89,37,886.2395325,36.17982802,25.57428571,44.58333333,2.69968854,19.4,0.818469909,1.04E-06
,7.289888422,2.099530267,1.832919962,661.0483278,1374.905822,0.12,78.22198395,3.375,75.26511829,38.84476792,1.226185122,279,262.234275,89.2,92,753.675728,31.19464477,25.57428571,44.58333333,14.8032744,56.7,0.818469909,1.04E-06
,9.694091989,1.409062929,1.832919962,661.0483278,1374.905822,0.14,78.22198395,3.378,75.26511829,38.84476792,1.226185122,281,276.8680082,89.2,90,753.675728,31.19464477,25.57428571,44.58333333,15.59507905,51.8,0.818469909,1.04E-06
,7.289888422,2.270334837,1.768404752,661.0483278,1374.905822,0.14,44.06891453,3.377,75.26511829,38.84476792,1.226185122,296,270.9376756,89,92,753.675728,31.19464477,25.57428571,44.58333333,8.98464007,45.3,0.818469909,1.04E-06
https://doi.org/10.1016/j.carbon.2016.02.060,11.28316012,4.530640598,0.217325599,661.0483278,1374.905822,0.16,72.34054015,3.377,75.26511829,37.80555839,0.983235568,270,333.4689163,88.2,63,1222.465957,58.92354857,25.57428571,44.58333333,0.143950893,60.5,0.818469909,1.04E-06
,29.6,9.710534251,0.105,661.0483278,1374.905822,0.7,32.66786029,1.735349531,102.9236366,26.7780057,2.44060892,798.7309837,1202.209404,69.5,71.92202429,942.5492894,43.92482379,27.3,233,1.34E-08,61,0.818469909,5.45E-12
,9.9,2,1.623926205,661.0483278,1374.905822,0.525073729,25.02187191,1.150688822,85.9977232,38.20807832,3.004932108,745.6718969,1237.684589,61.4981998,84.25,500,5.860560551,16.84888316,89.10129264,9.63E-07,81.5,0.818469909,5.30E-12
,117,13.54111294,0.147,661.0483278,1374.905822,0.42,23.21990033,0.88,111.7372338,25.74572873,3.737738125,894.2036568,996.7924372,71.57524826,68.11627532,1560,23.76526964,10.86150977,27.37058642,8.50E-07,100.5,0.818469909,5.10E-12
,0.84,3.09022957,0.986135801,661.0483278,1374.905822,0.92,59.58767183,1.635490046,-6.047852891,9.380644492,-0.041416097,407.6,359.6,88.23,76.07587778,728.4132442,99.84,2.47,1139,1.02E-07,-45.61733305,0.818469909,1.04E-06
,14.75146223,8.23142415,0.520703509,1350,1580,0.259,26.32,0.731392337,71.24917155,34.57665669,-0.170160002,506.5,213.7,42.2,86.82054223,305.3731029,53.94471379,0.509441308,182.2,1.32E-06,11.89726592,0.818469909,1.04E-06
,2.69,11.67089557,0.198365935,661.0483278,1374.905822,0.708198264,23.21990033,0.532290823,59.96648421,19.85814645,2.027399779,519.8733732,221.6444307,95.4,53.87088232,371.1,13.72665814,11.20011874,-19.20894537,9.01E-08,50,0.818469909,3.30E-09
,16.0156635,13.8484133,0.241841367,661.0483278,1374.905822,1.07,23.21990033,1.373409396,52.91933317,26.34493251,2.027399779,680.9673993,888.4046525,68.96630241,66.66071959,700.2403035,9.453784867,7.837935621,-6.950307008,4.18E-07,-16.70841868,0.818469909,1.36E-05
